Date,ave_vote_metric,num_votes
1899-12-01,0.625,8
1900-01-01,0.45454545454545453,11
1900-02-01,0.45454545454545453,22
1900-03-01,0.2564102564102564,39
1900-04-01,0.17857142857142858,28
1900-05-01,0.38461538461538464,39
1900-06-01,0.4482758620689655,29
1900-12-01,0.23809523809523808,21
1901-01-01,0.6578947368421053,38
1901-02-01,0.4918032786885247,61
1901-03-01,0.391304347826087,23
1901-12-01,0.125,8
1902-01-01,0.42857142857142855,7
1902-02-01,0.4666666666666667,30
1902-03-01,0.6896551724137931,29
1902-04-01,0.48,25
1902-05-01,0.5882352941176471,17
1902-06-01,0.58,50
1902-07-01,0,1
1902-12-01,0.5,4
1903-01-01,0.42105263157894735,19
1903-02-01,0.3538461538461539,65
1903-03-01,0.3191489361702128,47
1903-11-01,0.14285714285714285,7
1903-12-01,0.5,4
1904-01-01,0.5714285714285714,7
1904-02-01,0.3157894736842105,19
1904-03-01,0.47058823529411764,17
1904-04-01,0.2972972972972973,37
1904-12-01,0.3,10
1905-01-01,0.3333333333333333,21
1905-02-01,0.40425531914893614,47
1905-03-01,0.7,10
1905-12-01,0.3333333333333333,3
1906-01-01,0.3,10
1906-02-01,0.4,20
1906-03-01,0.631578947368421,19
1906-04-01,0.625,8
1906-05-01,0.5949367088607594,79
1906-06-01,0.39215686274509803,51
1906-12-01,0.5,2
1907-01-01,0.25,12
1907-02-01,0.3793103448275862,29
1907-03-01,0.2666666666666667,30
1907-12-01,0.5,4
1908-02-01,0.75,4
1908-03-01,0.85,20
1908-04-01,0.48695652173913045,115
1908-05-01,0.5657142857142856,175
1908-12-01,0.4444444444444444,9
1909-01-01,0.4,20
1909-02-01,0.21052631578947367,38
1909-03-01,0.29411764705882354,17
1909-04-01,0.3125,16
1909-06-01,0.36231884057971014,69
1909-07-01,0.325,40
1909-08-01,0.5,6
1909-12-01,1,1
1910-01-01,0.4,10
1910-02-01,0.5714285714285714,14
1910-03-01,0.4634146341463415,41
1910-04-01,0.4,25
1910-05-01,0.43333333333333335,30
1910-06-01,0.3389830508474576,59
1910-12-01,1.0,18
1911-01-01,0.5652173913043478,23
1911-02-01,0.39622641509433965,53
1911-03-01,0.2,30
1911-04-01,0.3333333333333333,12
1911-05-01,0.3333333333333333,24
1911-06-01,0.2631578947368421,19
1911-07-01,0.3939393939393939,33
1911-08-01,0.3272727272727274,55
1911-12-01,0.4444444444444444,9
1912-01-01,0.5652173913043478,23
1912-02-01,0.36,25
1912-03-01,0.5833333333333334,36
1912-04-01,0.6923076923076922,26
1912-05-01,0.6617647058823529,68
1912-06-01,0.8947368421052632,19
1912-07-01,0.673469387755102,49
1912-08-01,0.6049382716049381,81
1912-12-01,0.5555555555555556,18
1913-01-01,0.6774193548387097,62
1913-02-01,0.5844155844155844,77
1913-03-01,0.6296296296296297,27
1913-04-01,0.4,5
1913-05-01,0.6470588235294118,17
1913-06-01,0.8571428571428571,7
1913-07-01,0.4838709677419355,31
1913-08-01,0.8181818181818182,55
1913-09-01,0.49999999999999994,58
1913-10-01,0.9285714285714286,28
1913-11-01,1.0,11
1913-12-01,0.6829268292682927,41
1914-01-01,0.4444444444444444,18
1914-02-01,0.68,25
1914-03-01,0.5652173913043478,46
1914-04-01,0.6666666666666666,24
1914-05-01,0.6190476190476191,21
1914-06-01,0.6911764705882352,68
1914-07-01,0.5636363636363636,55
1914-08-01,0.7868852459016393,61
1914-09-01,0.5254237288135593,59
1914-10-01,0.5882352941176471,34
1914-12-01,0.696969696969697,33
1915-01-01,0.5781250000000001,64
1915-02-01,0.40789473684210525,76
1915-03-01,0.6666666666666666,12
1915-12-01,0.2,10
1916-01-01,0.6666666666666666,6
1916-02-01,0.5365853658536586,41
1916-03-01,0.38461538461538464,52
1916-04-01,0.5348837209302325,43
1916-05-01,0.484375,64
1916-06-01,0.6071428571428571,28
1916-07-01,0.6222222222222223,45
1916-08-01,0.5789473684210527,38
1916-09-01,0.5625,16
1916-12-01,0.5675675675675677,37
1917-01-01,0.46551724137931033,58
1917-02-01,0.5596330275229361,109
1917-03-01,0.5294117647058824,17
1917-04-01,0.55,40
1917-05-01,0.46808510638297873,47
1917-06-01,0.631578947368421,19
1917-07-01,0.6538461538461539,52
1917-08-01,0.625,24
1917-09-01,0.6756756756756757,37
1917-10-01,0.6666666666666666,15
1917-12-01,0.8666666666666667,15
1918-01-01,0.7222222222222222,18
1918-02-01,0.5714285714285715,35
1918-03-01,0.7555555555555555,45
1918-04-01,0.6666666666666665,33
1918-05-01,0.5121951219512196,41
1918-06-01,0.6,35
1918-07-01,0.8333333333333334,24
1918-08-01,0.8823529411764706,17
1918-09-01,0.8666666666666667,30
1918-10-01,0.5,2
1918-12-01,0.6521739130434783,23
1919-01-01,0.625,32
1919-02-01,0.5294117647058822,51
1919-03-01,0.16666666666666666,12
1919-05-01,0.7272727272727273,11
1919-06-01,0.7105263157894737,38
1919-07-01,0.7954545454545454,44
1919-08-01,0.5625,16
1919-09-01,0.7142857142857143,21
1919-10-01,0.7391304347826086,46
1919-11-01,0.6666666666666666,96
1919-12-01,0.48484848484848486,33
1920-01-01,0.7333333333333333,30
1920-02-01,0.59375,32
1920-03-01,0.6914893617021275,94
1920-04-01,0.5625,32
1920-05-01,0.595744680851064,47
1920-06-01,0.6296296296296297,27
1920-12-01,0.5,16
1921-01-01,0.5609756097560976,41
1921-02-01,0.45918367346938777,98
1921-03-01,0.4,25
1921-04-01,0.4090909090909091,22
1921-05-01,0.4807692307692308,52
1921-06-01,0.6,50
1921-07-01,0.35294117647058826,34
1921-08-01,0.5294117647058824,51
1921-10-01,0.5517241379310345,58
1921-11-01,0.4426229508196721,61
1921-12-01,0.4,20
1922-01-01,0.5,44
1922-02-01,0.7083333333333331,24
1922-03-01,0.631578947368421,76
1922-04-01,0.5384615384615385,39
1922-05-01,0.66412213740458,131
1922-06-01,0.6153846153846155,91
1922-08-01,0.38053097345132747,113
1922-09-01,0.6428571428571429,28
1922-11-01,0.3888888888888889,18
1922-12-01,0.5294117647058824,17
1923-01-01,0.5789473684210527,38
1923-02-01,0.5636363636363636,55
1923-03-01,0.6818181818181818,22
1923-12-01,0.55,40
1924-01-01,0.16666666666666666,18
1924-02-01,0.4230769230769231,26
1924-03-01,0.39473684210526316,38
1924-04-01,0.5116279069767442,43
1924-05-01,0.5333333333333331,90
1924-06-01,0.5357142857142857,28
1924-12-01,0.7333333333333333,15
1925-01-01,0.4318181818181818,44
1925-02-01,0.578125,64
1925-03-01,0.47368421052631576,19
1925-12-01,0.4,5
1926-01-01,0.4444444444444444,27
1926-02-01,0.6041666666666666,48
1926-03-01,0.6923076923076923,26
1926-04-01,0.7142857142857143,35
1926-05-01,0.6296296296296297,27
1926-06-01,0.6,55
1926-07-01,1.0,5
1926-12-01,0.9230769230769231,13
1927-01-01,0.7058823529411765,17
1927-02-01,0.5932203389830508,59
1927-03-01,0.45454545454545453,22
1927-12-01,0.4444444444444444,18
1928-01-01,0.6190476190476191,21
1928-02-01,0.4642857142857143,28
1928-03-01,0.6842105263157895,19
1928-04-01,0.47058823529411764,17
1928-05-01,0.6973684210526316,76
1928-12-01,0.5789473684210527,19
1929-01-01,0.5,10
1929-02-01,0.8444444444444444,45
1929-03-01,0.7,10
1929-04-01,1.0,2
1929-05-01,0.2857142857142857,28
1929-06-01,0.25,20
1929-12-01,0.43478260869565216,23
1930-01-01,0.41379310344827586,29
1930-02-01,0.18518518518518512,54
1930-03-01,0.49999999999999994,100
1930-04-01,0.46875,32
1930-05-01,0.5128205128205129,39
1930-06-01,0.65625,32
1930-07-01,0.7142857142857143,21
1930-12-01,0.47058823529411764,17
1931-01-01,0.35714285714285715,28
1931-02-01,0.5882352941176471,34
1931-03-01,0.8235294117647058,17
1931-12-01,0.6285714285714286,35
1932-01-01,0.41379310344827586,29
1932-02-01,0.5,16
1932-03-01,0.52,25
1932-04-01,0.7,30
1932-05-01,0.6081081081081082,74
1932-06-01,0.6507936507936508,63
1932-07-01,0.5483870967741935,31
1932-12-01,0.8823529411764706,17
1933-01-01,0.38461538461538464,26
1933-02-01,0.5636363636363636,55
1933-03-01,0.5217391304347826,23
1933-04-01,0.3043478260869566,46
1933-05-01,0.1111111111111111,45
1933-06-01,0.23404255319148937,47
1934-01-01,0.3125,16
1934-02-01,0.28125,32
1934-03-01,0.25,32
1934-04-01,0.5555555555555555,36
1934-05-01,0.42857142857142855,42
1934-06-01,0.37037037037037035,54
1935-01-01,0.25,20
1935-02-01,0.5,12
1935-03-01,0.5000000000000001,36
1935-04-01,0.40625,32
1935-05-01,0.48,25
1935-06-01,0.40625,32
1935-07-01,0.3333333333333333,45
1935-08-01,0.5245901639344263,61
1936-01-01,0.6666666666666666,15
1936-02-01,0.6842105263157895,19
1936-03-01,0.6,30
1936-04-01,0.36363636363636365,22
1936-05-01,0.5999999999999999,30
1936-06-01,0.576923076923077,26
1937-01-01,0.4444444444444444,9
1937-02-01,0.21052631578947367,19
1937-03-01,0.4,10
1937-04-01,0.47058823529411764,17
1937-05-01,0.35714285714285715,14
1937-06-01,0.3870967741935484,31
1937-07-01,0.45,40
1937-08-01,0.3157894736842105,19
1937-12-01,0.16666666666666666,30
1938-01-01,0.2727272727272727,11
1938-02-01,0.5,16
1938-03-01,0.3225806451612903,31
1938-04-01,0.3333333333333333,27
1938-05-01,0.21739130434782608,23
1938-06-01,0.3235294117647059,34
1939-01-01,0.625,8
1939-02-01,0.36363636363636365,11
1939-03-01,0.32142857142857145,28
1939-04-01,0.1111111111111111,9
1939-05-01,0.35714285714285715,28
1939-06-01,0.36585365853658536,41
1939-07-01,0.3636363636363637,44
1939-08-01,0.0,13
1939-10-01,0.21052631578947367,19
1939-11-01,0.0,7
1940-01-01,0.4444444444444444,9
1940-02-01,0.2608695652173913,23
1940-03-01,0.4090909090909091,44
1940-04-01,0.4878048780487805,41
1940-05-01,0.2926829268292683,41
1940-06-01,0.37777777777777777,45
1940-07-01,0.42857142857142855,7
1940-08-01,0.45454545454545453,33
1940-09-01,0.38461538461538464,26
1940-10-01,0.375,8
1940-11-01,0.0,5
1940-12-01,0.0,2
1941-01-01,0.6666666666666666,6
1941-02-01,0.14285714285714285,7
1941-03-01,0.41379310344827586,29
1941-04-01,0.2,10
1941-05-01,0.2857142857142857,21
1941-06-01,0.6774193548387096,31
1941-07-01,0.5454545454545454,11
1941-08-01,0.38095238095238093,21
1941-10-01,0.6666666666666666,6
1941-11-01,0.625,8
1941-12-01,0.6818181818181818,22
1942-01-01,0.6153846153846154,26
1942-02-01,0.8181818181818182,11
1942-03-01,0.6666666666666666,12
1942-04-01,0.6666666666666666,6
1942-05-01,0.7647058823529411,17
1942-06-01,0.6857142857142857,35
1942-07-01,0.7857142857142857,14
1942-09-01,0.8461538461538461,13
1942-10-01,0.5882352941176471,17
1942-11-01,0.5555555555555556,9
1943-01-01,0.75,4
1943-02-01,0.6923076923076923,13
1943-03-01,0.45,20
1943-04-01,0.2727272727272727,11
1943-05-01,0.42424242424242425,33
1943-06-01,0.43859649122807015,57
1943-07-01,0.6666666666666665,27
1943-09-01,0.6666666666666666,6
1943-10-01,0.42857142857142855,7
1943-11-01,0.3888888888888889,18
1943-12-01,0.6470588235294118,17
1944-01-01,0.4666666666666667,15
1944-02-01,0.4166666666666667,36
1944-03-01,0.6521739130434783,23
1944-04-01,0.8333333333333334,6
1944-05-01,0.5,12
1944-06-01,0.5405405405405406,37
1944-09-01,0.6666666666666666,6
1944-11-01,0.75,4
1944-12-01,0.55,20
1945-01-01,0.25,4
1945-02-01,0.2,15
1945-03-01,0.7199999999999999,25
1945-04-01,0.5263157894736842,19
1945-05-01,0.5714285714285714,21
1945-06-01,0.525,40
1945-07-01,0.36363636363636365,11
1945-09-01,0.72,25
1945-10-01,0.6153846153846154,13
1945-11-01,0.5555555555555556,9
1945-12-01,0.375,24
1946-01-01,0.45454545454545453,11
1946-02-01,0.6666666666666666,18
1946-03-01,0.5,18
1946-04-01,0.5,30
1946-05-01,0.38,50
1946-06-01,0.4791666666666667,48
1946-07-01,0.6463414634146342,82
1946-08-01,0.8888888888888888,9
1947-01-01,0.4444444444444444,9
1947-02-01,0.4375,16
1947-03-01,0.7272727272727273,33
1947-04-01,0.5263157894736842,19
1947-05-01,0.475,40
1947-06-01,0.5666666666666667,30
1947-07-01,0.5245901639344263,61
1947-11-01,0.5,2
1947-12-01,0.4166666666666667,12
1948-01-01,0.3333333333333333,3
1948-02-01,0.625,16
1948-03-01,0.5666666666666667,30
1948-04-01,0.7307692307692307,26
1948-05-01,0.27586206896551724,29
1948-06-01,0.5068493150684932,73
1948-08-01,0.3333333333333333,12
1949-01-01,0.2857142857142857,14
1949-02-01,0.5714285714285714,14
1949-03-01,0.5777777777777778,45
1949-04-01,0.52,50
1949-05-01,0.5238095238095238,42
1949-06-01,0.42857142857142855,21
1949-07-01,0.4117647058823529,34
1949-08-01,0.4576271186440678,59
1949-09-01,0.59375,32
1949-10-01,0.5277777777777778,36
1950-01-01,0.5882352941176471,17
1950-02-01,0.49019607843137253,51
1950-03-01,0.4146341463414634,41
1950-04-01,0.7096774193548387,31
1950-05-01,0.5227272727272726,44
1950-06-01,0.525,40
1950-07-01,0.42424242424242425,33
1950-08-01,0.5217391304347826,69
1950-09-01,0.6857142857142857,35
1950-12-01,0.35294117647058826,17
1951-01-01,0.42857142857142855,14
1951-02-01,0.6,5
1951-03-01,0.1111111111111111,18
1951-04-01,0.34782608695652173,23
1951-05-01,0.24,25
1951-06-01,0.532258064516129,62
1951-07-01,0.574468085106383,47
1951-08-01,0.45652173913043476,46
1951-09-01,0.55,40
1951-10-01,0.5588235294117648,34
1952-01-01,0.6666666666666666,3
1952-02-01,0.5714285714285714,7
1952-03-01,0.375,24
1952-04-01,0.32,25
1952-05-01,0.391304347826087,23
1952-06-01,0.33333333333333337,87
1952-07-01,0.6875,16
1953-01-01,0.4,5
1953-02-01,0.9,10
1953-03-01,0.2857142857142857,7
1953-04-01,0.5384615384615384,13
1953-05-01,0.4,25
1953-06-01,0.696969696969697,33
1953-07-01,0.5606060606060606,66
1953-08-01,0.0,2
1954-01-01,0.7777777777777778,9
1954-02-01,0.75,16
1954-03-01,0.5714285714285714,21
1954-04-01,0.47619047619047616,21
1954-05-01,0.7916666666666666,24
1954-06-01,0.6206896551724137,29
1954-07-01,0.457142857142857,70
1954-08-01,0.6315789473684209,57
1955-01-01,0.7777777777777778,9
1955-02-01,0.42105263157894735,19
1955-03-01,0.3157894736842105,19
1955-04-01,0.3333333333333333,9
1955-05-01,0.6666666666666666,24
1955-06-01,0.926829268292683,41
1955-07-01,0.8055555555555556,36
1955-08-01,0.5,6
1956-01-01,1.0,3
1956-02-01,0.5714285714285714,14
1956-03-01,0.7142857142857143,42
1956-04-01,0.5714285714285714,14
1956-05-01,0.3783783783783784,37
1956-06-01,0.7241379310344827,29
1956-07-01,0.5625,64
1957-01-01,0.6,5
1957-02-01,0.6,5
1957-03-01,0.2222222222222222,18
1957-04-01,0.3181818181818182,22
1957-05-01,0.2916666666666667,24
1957-06-01,0.6285714285714286,35
1957-07-01,0.5714285714285714,21
1957-08-01,0.7012987012987012,77
1958-01-01,1.0,4
1958-02-01,0.5555555555555556,18
1958-03-01,0.6216216216216216,37
1958-04-01,0.625,32
1958-05-01,0.55,20
1958-06-01,0.6515151515151515,66
1958-07-01,0.6595744680851066,47
1958-08-01,0.6376811594202898,69
1959-01-01,0.3333333333333333,6
1959-02-01,0.35714285714285715,14
1959-03-01,0.34782608695652173,23
1959-04-01,0.5,30
1959-05-01,0.4,25
1959-06-01,0.5740740740740741,54
1959-07-01,0.4897959183673469,49
1959-08-01,0.5925925925925924,54
1959-09-01,0.5744680851063829,47
1960-02-01,0.6086956521739131,23
1960-03-01,0.8444444444444444,45
1960-04-01,0.7419354838709677,31
1960-05-01,0.5172413793103448,58
1960-06-01,0.6385542168674698,83
1960-07-01,0.75,12
1960-08-01,0.5250000000000001,40
1961-01-01,0.0,4
1961-03-01,0.4864864864864865,37
1961-04-01,0.3333333333333333,12
1961-05-01,0.37142857142857144,35
1961-06-01,0.40384615384615385,52
1961-07-01,0.6,40
1961-08-01,0.48,75
1961-09-01,0.6,65
1962-01-01,0.5714285714285714,7
1962-02-01,0.5625,16
1962-03-01,0.55,20
1962-04-01,0.8095238095238095,21
1962-05-01,0.40625,32
1962-06-01,0.4878048780487805,41
1962-07-01,0.484848484848485,33
1962-08-01,0.7746478873239436,71
1962-09-01,0.582089552238806,67
1962-10-01,0.75,40
1963-01-01,0.0,4
1963-02-01,0.42857142857142855,7
1963-03-01,0.8571428571428571,7
1963-04-01,0.5,38
1963-05-01,0.5833333333333334,48
1963-06-01,0.7222222222222222,18
1963-07-01,0.6875,16
1963-08-01,0.5952380952380952,42
1963-09-01,0.4838709677419355,31
1963-10-01,0.5588235294117647,34
1963-11-01,0.5272727272727274,55
1963-12-01,0.49999999999999994,48
1964-01-01,0.5625,16
1964-02-01,0.6,40
1964-03-01,0.5,30
1964-04-01,0.4166666666666667,12
1964-05-01,0.5882352941176471,17
1964-06-01,0.8881118881118881,143
1964-07-01,0.6551724137931032,58
1964-08-01,0.5384615384615384,65
1964-09-01,0.46875,32
1964-10-01,0.6,5
1965-01-01,0.2,10
1965-02-01,0.5000000000000001,28
1965-03-01,0.6363636363636364,22
1965-04-01,0.7575757575757576,33
1965-05-01,0.5777777777777777,45
1965-06-01,0.49382716049382713,81
1965-07-01,0.38596491228070173,57
1965-08-01,0.609375,64
1965-09-01,0.530120481927711,83
1965-10-01,0.4594594594594595,37
1966-01-01,0.5714285714285714,7
1966-02-01,0.7058823529411765,17
1966-03-01,0.6176470588235294,34
1966-04-01,0.6666666666666666,21
1966-05-01,0.4782608695652174,23
1966-06-01,0.6825396825396824,63
1966-07-01,0.5952380952380953,42
1966-08-01,0.6464646464646464,99
1966-09-01,0.54,50
1966-10-01,0.6399999999999998,75
1967-01-01,0.18181818181818182,11
1967-02-01,0.7,20
1967-03-01,0.7547169811320755,53
1967-04-01,0.6410256410256411,39
1967-05-01,0.6578947368421053,38
1967-06-01,0.66,50
1967-07-01,0.5294117647058824,34
1967-08-01,0.6415094339622642,53
1967-09-01,0.5849056603773585,53
1967-10-01,0.6805555555555556,72
1967-11-01,0.7446808510638298,94
1967-12-01,0.8837209302325582,43
1968-01-01,0.75,4
1968-02-01,0.6666666666666666,21
1968-03-01,0.7195121951219512,82
1968-04-01,0.8095238095238095,42
1968-05-01,0.7808219178082192,73
1968-06-01,0.7377049180327869,61
1968-07-01,0.7047619047619049,105
1968-08-01,0.8,5
1968-09-01,0.7391304347826086,69
1968-10-01,0.8076923076923078,52
1969-01-01,0.4666666666666667,15
1969-02-01,0.5,4
1969-03-01,1.0,14
1969-04-01,0.875,8
1969-05-01,0.9411764705882353,17
1969-06-01,0.896551724137931,29
1969-07-01,0.7333333333333333,30
1969-08-01,0.84,25
1969-09-01,0.8529411764705882,34
1969-10-01,0.8524590163934428,61
1969-11-01,0.840909090909091,44
1969-12-01,0.7234042553191491,141
1970-01-01,0.7586206896551724,29
1970-02-01,0.7903225806451614,62
1970-03-01,0.8181818181818182,44
1970-04-01,0.8478260869565218,46
1970-05-01,0.837837837837838,37
1970-06-01,0.7831325301204818,83
1970-07-01,0.7246376811594203,69
1970-08-01,0.8333333333333334,48
1970-09-01,0.7926829268292681,82
1970-10-01,0.8478260869565218,46
1970-11-01,0.7272727272727273,33
1970-12-01,0.7407407407407407,108
1971-01-01,0.0,5
1971-02-01,0.2857142857142857,7
1971-03-01,0.8857142857142857,35
1971-04-01,0.75,40
1971-05-01,0.8181818181818182,44
1971-06-01,0.8152173913043478,92
1971-07-01,0.8043478260869565,92
1971-08-01,0.6046511627906976,43
1971-09-01,0.6938775510204082,49
1971-10-01,0.640625,64
1971-11-01,0.7135678391959798,199
1971-12-01,0.6849315068493149,73
1972-01-01,0.7307692307692307,26
1972-02-01,0.8028169014084507,71
1972-03-01,0.8235294117647058,85
1972-04-01,0.723404255319149,47
1972-05-01,0.8709677419354839,62
1972-06-01,0.7536231884057971,138
1972-07-01,0.6521739130434782,69
1972-08-01,0.6486486486486489,111
1972-09-01,0.8346456692913385,127
1972-10-01,0.824,125
1973-01-01,0.5555555555555556,9
1973-02-01,0.5151515151515151,33
1973-03-01,0.6229508196721312,61
1973-04-01,0.6521739130434784,69
1973-05-01,0.6734693877551019,98
1973-06-01,0.5879629629629632,216
1973-07-01,0.6075949367088608,158
1973-08-01,0.78125,32
1973-09-01,0.6822429906542054,107
1973-10-01,0.7349397590361446,83
1973-11-01,0.706422018348624,109
1973-12-01,0.7562500000000001,160
1974-01-01,0.7941176470588235,34
1974-02-01,0.688888888888889,45
1974-03-01,0.7634408602150538,93
1974-04-01,0.7830188679245284,106
1974-05-01,0.7363636363636363,110
1974-06-01,0.7633587786259542,131
1974-07-01,0.7777777777777776,108
1974-08-01,0.8214285714285713,112
1974-09-01,0.7536231884057972,69
1974-10-01,0.6875,112
1974-11-01,0.875,40
1974-12-01,0.7520661157024794,121
1975-01-01,0.125,8
1975-02-01,0.4782608695652174,46
1975-03-01,0.5419847328244274,131
1975-04-01,0.6744186046511627,86
1975-05-01,0.6310679611650482,103
1975-06-01,0.6291390728476823,151
1975-07-01,0.5952380952380955,210
1975-08-01,0.8,10
1975-09-01,0.524752475247525,101
1975-10-01,0.5288461538461542,104
1975-11-01,0.5929203539823004,113
1975-12-01,0.6000000000000002,160
1976-01-01,0.5641025641025642,39
1976-02-01,0.4915254237288136,59
1976-03-01,0.6837606837606837,117
1976-04-01,0.650943396226415,106
1976-05-01,0.7758620689655172,116
1976-06-01,0.7662337662337664,308
1976-07-01,0.4964028776978418,139
1976-08-01,0.7230769230769234,195
1976-09-01,0.732824427480916,262
1976-10-01,0.65,20
1977-01-01,0.5,24
1977-02-01,0.6410256410256411,39
1977-03-01,0.4573643410852713,129
1977-04-01,0.7362637362637363,91
1977-05-01,0.7161290322580646,155
1977-06-01,0.6731707317073171,205
1977-07-01,0.6946564885496183,131
1977-08-01,0.4444444444444444,54
1977-09-01,0.6219512195121953,246
1977-10-01,0.5510204081632653,196
1977-11-01,0.5294117647058824,51
1977-12-01,0.5238095238095238,21
1978-01-01,0.7441860465116279,43
1978-02-01,0.6086956521739129,69
1978-03-01,0.6293103448275861,116
1978-04-01,0.6666666666666666,135
1978-05-01,0.6412213740458015,131
1978-06-01,0.6993464052287581,153
1978-07-01,0.7261904761904759,168
1978-08-01,0.6157894736842107,190
1978-09-01,0.7379679144385026,187
1978-10-01,0.6481481481481484,162
1979-01-01,0.0,2
1979-02-01,0.13636363636363635,22
1979-03-01,0.35714285714285715,70
1979-04-01,0.47058823529411764,68
1979-05-01,0.5350877192982453,114
1979-06-01,0.5937499999999999,160
1979-07-01,0.6067415730337077,178
1979-08-01,0.375,32
1979-09-01,0.5125,160
1979-10-01,0.6015624999999999,128
1979-11-01,0.5692307692307691,130
1979-12-01,0.525862068965517,116
1980-01-01,0.6249999999999999,48
1980-02-01,0.5799999999999998,100
1980-03-01,0.591549295774648,71
1980-04-01,0.6964285714285714,56
1980-05-01,0.5384615384615385,143
1980-06-01,0.6333333333333337,210
1980-07-01,0.6,115
1980-08-01,0.622222222222222,90
1980-09-01,0.6265060240963857,166
1980-10-01,0.6428571428571429,14
1980-11-01,0.7818181818181819,55
1980-12-01,0.6097560975609756,82
1981-01-01,0.5454545454545454,22
1981-02-01,1.0,12
1981-03-01,0.6052631578947368,38
1981-04-01,0.6216216216216216,37
1981-05-01,0.6197183098591549,71
1981-06-01,0.5981308411214952,107
1981-07-01,0.7153284671532846,137
1981-08-01,1.0,6
1981-09-01,0.6941176470588236,85
1981-10-01,0.7499999999999998,104
1981-11-01,0.7364341085271318,129
1981-12-01,0.6176470588235294,102
1982-02-01,0.8409090909090909,44
1982-03-01,0.8313253012048193,83
1982-04-01,0.6,20
1982-05-01,0.6275862068965519,145
1982-06-01,0.7160493827160493,81
1982-07-01,0.7058823529411765,119
1982-08-01,0.6666666666666666,138
1982-09-01,0.592920353982301,113
1982-10-01,0.8333333333333334,12
1982-11-01,0.6666666666666666,9
1982-12-01,0.6097560975609758,164
1983-01-01,0.0,3
1983-02-01,0.3333333333333333,6
1983-03-01,0.48863636363636365,88
1983-04-01,0.5277777777777778,36
1983-05-01,0.5126050420168068,119
1983-06-01,0.5436241610738253,149
1983-07-01,0.45871559633027525,109
1983-08-01,0.4117647058823529,34
1983-09-01,0.4810126582278481,79
1983-10-01,0.4752475247524752,101
1983-11-01,0.49655172413793125,145
1984-01-01,0.2,15
1984-02-01,0.5277777777777778,36
1984-03-01,0.595744680851064,47
1984-04-01,0.39473684210526316,76
1984-05-01,0.65,120
1984-06-01,0.5906432748538009,171
1984-07-01,0.4146341463414634,41
1984-08-01,0.5,58
1984-09-01,0.6461538461538462,65
1984-10-01,0.5774647887323945,71
1985-01-01,0.14285714285714285,7
1985-02-01,0.2903225806451613,31
1985-03-01,0.35,20
1985-04-01,0.4074074074074075,54
1985-05-01,0.4423076923076923,104
1985-06-01,0.4464285714285715,112
1985-07-01,0.35051546391752575,97
1985-08-01,0.625,8
1985-09-01,0.42857142857142855,56
1985-10-01,0.42187500000000006,128
1985-11-01,0.4770642201834863,109
1985-12-01,0.5212765957446807,94
1986-01-01,0.3,20
1986-02-01,0.5714285714285714,35
1986-03-01,0.45614035087719296,57
1986-04-01,0.43661971830985913,71
1986-05-01,0.47058823529411764,51
1986-06-01,0.4128440366972478,109
1986-07-01,0.5060240963855425,83
1986-08-01,0.43558282208588966,163
1986-09-01,0.4952380952380951,105
1986-10-01,0.4482758620689655,116
1987-01-01,0.3333333333333333,24
1987-02-01,0.4444444444444444,18
1987-03-01,0.46808510638297873,47
1987-04-01,0.31428571428571433,70
1987-05-01,0.40769230769230774,130
1987-06-01,0.3,110
1987-07-01,0.2524271844660194,103
1987-08-01,0.3333333333333333,27
1987-09-01,0.3882352941176471,85
1987-10-01,0.5365853658536586,123
1987-11-01,0.4473684210526316,76
1987-12-01,0.4421052631578947,95
1988-02-01,0.4,30
1988-03-01,0.43956043956043955,91
1988-04-01,0.4927536231884058,69
1988-05-01,0.39316239316239315,117
1988-06-01,0.5178571428571427,112
1988-07-01,0.6179775280898876,89
1988-08-01,0.4571428571428571,70
1988-09-01,0.4,120
1988-10-01,0.7083333333333334,120
1989-01-01,0.1111111111111111,9
1989-02-01,0.2727272727272727,11
1989-03-01,0.45,20
1989-04-01,0.6428571428571429,42
1989-05-01,0.5098039215686274,51
1989-06-01,0.449438202247191,89
1989-07-01,0.5535714285714287,112
1989-08-01,0.23255813953488372,43
1989-09-01,0.4945054945054944,91
1989-10-01,0.49999999999999994,122
1989-11-01,0.5111111111111113,90
1990-01-01,0.625,8
1990-02-01,0.4838709677419355,31
1990-03-01,0.515625,64
1990-04-01,0.7083333333333334,48
1990-05-01,0.4731182795698925,93
1990-06-01,0.5670103092783508,97
1990-07-01,0.4728682170542636,129
1990-08-01,0.43333333333333335,60
1990-09-01,0.49999999999999994,100
1990-10-01,0.47342995169082125,207
1991-01-01,0.48148148148148145,27
1991-02-01,1.0,18
1991-03-01,0.642857142857143,56
1991-04-01,0.47619047619047616,21
1991-05-01,0.5432098765432098,81
1991-06-01,0.4528301886792453,106
1991-07-01,0.4444444444444444,99
1991-08-01,0.8125,16
1991-09-01,0.375,56
1991-10-01,0.4636363636363636,110
1991-11-01,0.4322033898305085,118
1992-01-01,0.4375,16
1992-02-01,0.3600000000000001,50
1992-03-01,0.4385964912280701,57
1992-04-01,0.46,50
1992-05-01,0.3253012048192772,83
1992-06-01,0.37815126050420167,119
1992-07-01,0.33088235294117646,136
1992-08-01,0.39215686274509803,51
1992-09-01,0.34146341463414637,123
1992-10-01,0.3793103448275862,58
1993-01-01,0.0,9
1993-02-01,0.0588235294117647,51
1993-03-01,0.33333333333333337,156
1993-04-01,0.2682926829268293,41
1993-05-01,0.1343283582089552,67
1993-06-01,0.32947976878612695,173
1993-07-01,0.38888888888888884,108
1993-08-01,0.4594594594594595,37
1993-09-01,0.416,125
1993-10-01,0.3402061855670103,97
1993-11-01,0.375,128
1994-01-01,0.07692307692307693,13
1994-02-01,0.5230769230769231,65
1994-03-01,0.37000000000000005,100
1994-04-01,0.38095238095238093,63
1994-05-01,0.3619047619047619,105
1994-06-01,0.3028169014084507,142
1994-07-01,0.38392857142857134,112
1994-08-01,0.3203883495145632,103
1994-09-01,0.3448275862068966,58
1994-10-01,0.45901639344262296,61
1994-11-01,0.5,2
1995-01-01,0.2,135
1995-02-01,0.18115942028985504,138
1995-03-01,0.2764227642276422,123
1995-04-01,0.42424242424242437,33
1995-05-01,0.24000000000000005,150
1995-06-01,0.3430232558139535,172
1995-07-01,0.2849462365591399,186
1995-08-01,0.2375,80
1995-09-01,0.2770270270270272,148
1995-10-01,0.37984496124031014,129
1995-11-01,0.23853211009174313,109
1995-12-01,0.22077922077922077,77
1996-01-01,0.42857142857142855,28
1996-02-01,0.3142857142857143,35
1996-03-01,0.33018867924528295,106
1996-04-01,0.4242424242424243,66
1996-05-01,0.3333333333333333,129
1996-06-01,0.3669724770642202,109
1996-07-01,0.3488372093023255,172
1996-08-01,0.5,20
1996-09-01,0.5652173913043479,92
1997-01-01,0.09090909090909091,11
1997-02-01,0.7948717948717948,39
1997-03-01,0.48148148148148157,54
1997-04-01,0.5909090909090909,44
1997-05-01,0.4123711340206187,97
1997-06-01,0.4493670886075951,158
1997-07-01,0.5806451612903223,155
1997-09-01,0.5397727272727272,176
1997-10-01,0.353448275862069,116
1997-11-01,0.5555555555555556,81
1998-01-01,0.5,2
1998-02-01,0.39473684210526316,38
1998-03-01,0.5257731958762887,97
1998-04-01,0.5154639175257731,97
1998-05-01,0.61,100
1998-06-01,0.45689655172413807,116
1998-07-01,0.3575757575757576,165
1998-08-01,0.175,40
1998-09-01,0.44329896907216493,97
1998-10-01,0.5232558139534884,86
1998-12-01,0.1111111111111111,9
1999-01-01,0.23076923076923078,13
1999-02-01,0.7560975609756098,41
1999-03-01,0.5533980582524275,103
1999-04-01,0.5813953488372093,43
1999-05-01,0.4491525423728814,118
1999-06-01,0.43609022556390975,133
1999-07-01,0.40939597315436244,149
1999-08-01,0.5,48
1999-09-01,0.495798319327731,119
1999-10-01,0.5491803278688528,122
1999-11-01,0.6170212765957449,94
2000-01-01,1.0,2
2000-02-01,0.4871794871794873,39
2000-03-01,0.49038461538461525,104
2000-04-01,0.6338028169014084,71
2000-05-01,0.5846153846153846,130
2000-06-01,0.4639175257731959,194
2000-07-01,0.6231884057971012,138
2000-09-01,0.6790123456790123,81
2000-10-01,0.6293103448275862,116
2000-11-01,0.46153846153846156,13
2000-12-01,0.6,10
2001-01-01,0.5714285714285714,14
2001-02-01,1.0,20
2001-03-01,0.5436893203883495,103
2001-04-01,0.42105263157894735,38
2001-05-01,0.5524475524475524,143
2001-06-01,0.6126126126126125,111
2001-07-01,0.5259259259259257,135
2001-08-01,0.3684210526315789,38
2001-09-01,0.523809523809524,42
2001-10-01,0.6172839506172838,81
2001-11-01,0.6410256410256411,78
2001-12-01,0.6190476190476192,84
2002-01-01,1.0,14
2002-02-01,0.6231884057971014,69
2002-03-01,0.5740740740740741,54
2002-04-01,0.5625,80
2002-05-01,0.6440677966101694,118
2002-06-01,0.5892857142857143,112
2002-07-01,0.4999999999999999,124
2002-09-01,0.5616438356164384,73
2002-10-01,0.576271186440678,59
2002-11-01,0.4642857142857143,28
2003-01-01,0.35555555555555557,45
2003-02-01,0.6,30
2003-03-01,0.7230769230769231,130
2003-04-01,0.4642857142857142,84
2003-05-01,0.4420289855072463,138
2003-06-01,0.5000000000000002,166
2003-07-01,0.43243243243243246,185
2003-09-01,0.41379310344827586,116
2003-10-01,0.41605839416058393,137
2003-11-01,0.5773195876288661,97
2003-12-01,0.0,6
2004-01-01,0.5,16
2004-02-01,0.5,36
2004-03-01,0.6086956521739131,115
2004-04-01,0.5319148936170213,47
2004-05-01,0.3917525773195876,97
2004-06-01,0.4666666666666667,165
2004-07-01,0.5233644859813086,107
2004-09-01,0.5624999999999999,96
2004-10-01,0.5081967213114754,61
2004-11-01,0.375,16
2004-12-01,0.6666666666666666,3
2005-01-01,0.21428571428571427,14
2005-02-01,0.5428571428571427,35
2005-03-01,0.4628099173553719,121
2005-04-01,0.4574468085106383,94
2005-05-01,0.37362637362637363,91
2005-06-01,0.42613636363636365,176
2005-07-01,0.49645390070921974,141
2005-09-01,0.5308641975308641,81
2005-10-01,0.5421686746987951,83
2005-11-01,0.5166666666666666,120
2005-12-01,0.45569620253164556,79
2006-02-01,0.6388888888888888,36
2006-03-01,0.496,125
2006-04-01,0.6170212765957447,47
2006-05-01,0.44186046511627897,172
2006-06-01,0.4634146341463415,164
2006-07-01,0.5463917525773195,97
2006-09-01,0.46341463414634143,123
2006-11-01,0.7142857142857143,14
2006-12-01,0.5,28
2007-01-01,0.37837837837837845,111
2007-02-01,0.6481481481481483,54
2007-03-01,0.4913294797687861,173
2007-04-01,0.45454545454545453,77
2007-05-01,0.34054054054054056,185
2007-06-01,0.34453781512605036,238
2007-07-01,0.3972602739726027,219
2007-08-01,0.29347826086956535,92
2007-09-01,0.3548387096774194,124
2007-10-01,0.3741496598639456,147
2007-11-01,0.30188679245283034,106
2007-12-01,0.5161290322580644,93
2008-01-01,0.5161290322580646,31
2008-02-01,0.4555555555555555,90
2008-03-01,0.4594594594594594,111
2008-04-01,0.42477876106194695,113
2008-05-01,0.3207547169811321,159
2008-06-01,0.4365079365079365,126
2008-07-01,0.4628099173553719,121
2008-08-01,0.4444444444444444,9
2008-09-01,0.47540983606557397,122
2008-10-01,0.5,12
2008-12-01,0.25,8
2009-01-01,0.34210526315789475,76
2009-02-01,0.49999999999999994,86
2009-03-01,0.6434108527131783,129
2009-04-01,0.5135135135135134,111
2009-05-01,0.4888888888888892,90
2009-06-01,0.4771573604060913,197
2009-07-01,0.4738955823293173,249
2009-09-01,0.5543478260869564,92
2009-10-01,0.5789473684210525,114
2009-11-01,0.6039603960396036,101
2009-12-01,0.4390243902439025,123
2010-01-01,0.525,40
2010-02-01,0.7377049180327869,61
2010-03-01,0.5599999999999998,200
2010-04-01,0.5454545454545452,66
2010-05-01,0.6013986013986014,143
2010-06-01,0.641509433962264,106
2010-07-01,0.47413793103448276,116
2010-08-01,0.18181818181818182,11
2010-09-01,0.4393939393939395,66
2010-11-01,0.5666666666666667,30
2010-12-01,0.508333333333333,120
2011-01-01,0.20689655172413793,29
2011-02-01,0.23448275862068965,145
2011-03-01,0.21951219512195122,82
2011-04-01,0.17499999999999996,80
2011-05-01,0.16,125
2011-06-01,0.27611940298507454,134
2011-07-01,0.24757281553398056,206
2011-08-01,0.6666666666666666,9
2011-09-01,0.3125,80
2011-10-01,0.18348623853211013,109
2011-11-01,0.2500000000000001,80
2011-12-01,0.27722772277227703,101
2012-01-01,0.5,14
2012-02-01,0.16161616161616157,99
2012-03-01,0.2300000000000001,100
2012-04-01,0.2205882352941177,68
2012-05-01,0.27941176470588236,136
2012-06-01,0.19607843137254902,204
2012-07-01,0.27450980392156865,102
2012-08-01,0.2,20
2012-09-01,0.25862068965517243,58
2012-11-01,0.2692307692307692,26
2012-12-01,0.5866666666666666,75
2013-01-01,0.41304347826086957,46
2013-02-01,0.3902439024390244,41
2013-03-01,0.38383838383838376,99
2013-04-01,0.5689655172413793,58
2013-05-01,0.40963855421686746,83
2013-06-01,0.29333333333333333,150
2013-07-01,0.25000000000000017,152
2013-08-01,0.043478260869565216,23
2013-09-01,0.38235294117647056,68
2013-10-01,0.2073170731707317,82
2013-11-01,0.2166666666666667,60
2013-12-01,0.4000000000000001,75
2014-01-01,0.3673469387755102,49
2014-02-01,0.17241379310344832,87
2014-03-01,0.22115384615384615,104
2014-04-01,0.2608695652173913,69
2014-05-01,0.3306451612903225,124
2014-06-01,0.2214765100671141,149
2014-07-01,0.22758620689655173,145
2014-08-01,0.14285714285714285,7
2014-09-01,0.40816326530612246,49
2014-11-01,0.1388888888888889,36
2014-12-01,0.44954128440366975,109
2015-01-01,0.16326530612244888,98
2015-02-01,0.27142857142857146,70
2015-03-01,0.32727272727272716,110
2015-04-01,0.23958333333333345,96
2015-05-01,0.26190476190476203,84
2015-06-01,0.1946308724832215,149
2015-07-01,0.23404255319148937,141
2015-09-01,0.1836734693877551,49
2015-10-01,0.1891891891891892,74
2015-11-01,0.26250000000000007,80
2015-12-01,0.3258426966292136,89
2016-01-01,0.15384615384615385,52
2016-02-01,0.19999999999999996,75
2016-03-01,0.425531914893617,47
2016-04-01,0.23529411764705882,68
2016-05-01,0.27678571428571425,112
2016-06-01,0.2718446601941748,103
2016-07-01,0.10457516339869274,153
2016-09-01,0.3805309734513274,113
2016-11-01,0.45454545454545453,22
2016-12-01,0.4473684210526316,38
2017-01-01,0.15533980582524268,103
2017-02-01,0.14102564102564105,78
2017-03-01,0.1889763779527559,127
2017-04-01,0.3488372093023256,43
2017-05-01,0.3,70
2017-06-01,0.2207792207792207,77
2017-07-01,0.22689075630252106,119
2017-09-01,0.12698412698412703,126
2017-10-01,0.40625,96
2017-11-01,0.3186813186813187,91
2017-12-01,0.30927835051546393,97
2018-01-01,0.41333333333333344,75
2018-02-01,0.2727272727272727,55
2018-03-01,0.3,60
2018-04-01,0.3220338983050847,59
2018-05-01,0.32222222222222224,90
2018-06-01,0.28695652173913044,115
2018-07-01,0.1836734693877551,98
2018-09-01,0.3148148148148149,54
2018-11-01,0.5217391304347826,23
2018-12-01,0.6804123711340206,97
2019-01-01,0.29870129870129875,77
2019-02-01,0.3620689655172413,58
2019-03-01,0.4074074074074074,54
2019-04-01,0.476923076923077,65
2019-05-01,0.3238095238095238,105
2019-06-01,0.4247104247104247,259
2019-07-01,0.31168831168831185,154
2019-09-01,0.4673913043478261,92
2019-10-01,0.3253012048192771,83
2019-11-01,0.40350877192982454,57
2019-12-01,0.29752066115702475,121
2020-01-01,0.24615384615384614,65
2020-02-01,0.24324324324324328,74
2020-03-01,0.47619047619047616,42
2020-04-01,0.5,2
2020-05-01,0.24242424242424243,33
2020-06-01,0.20454545454545456,44
2020-07-01,0.14285714285714285,70
2020-08-01,0.375,8
2020-09-01,0.3561643835616438,73
2020-10-01,0.3333333333333333,30
2020-11-01,0.36,25
2020-12-01,0.42105263157894735,76
2021-01-01,0.2413793103448276,29
2021-02-01,0.07954545454545456,88
2021-03-01,0.17757009345794392,107
1909-05-01,0.23333333333333334,30
1918-11-01,0.5,2
1921-09-01,1.0,3
1922-07-01,0.43076923076923085,65
1929-09-01,0.5714285714285714,7
1929-10-01,0.5161290322580646,31
1929-11-01,0.4,25
1937-11-01,1,1
1941-09-01,0.8571428571428571,7
1942-08-01,0.0,3
1942-12-01,0.3333333333333333,3
1944-08-01,0.5,4
1945-08-01,0.0,3
1954-09-01,1.0,2
1954-12-01,0.375,8
1960-01-01,1.0,3
1960-09-01,0.4,5
1988-01-01,0.3333333333333333,12
1994-12-01,1.0,2
1996-10-01,0.3333333333333333,3
2002-08-01,0.4,5
2006-01-01,0.5,2
2006-08-01,0.8333333333333334,12
2008-11-01,1,1
2009-08-01,0.625,16
2015-08-01,0,1
2017-08-01,0.2857142857142857,7
2018-08-01,0.04,25
2018-10-01,0.38095238095238093,21
2019-08-01,0.6666666666666666,3
