DATE,UNRATE,UNRATE_CHG,UNRATE_CH1,UNRATE_PCH,UNRATE_PC1,UNRATE_CCH,UNRATE_NBD19480101
1948-01-01,3.4,.,.,.,.,.,100.00000
1948-02-01,3.8,0.4,.,11.76471,.,11.12256,111.76471
1948-03-01,4.0,0.2,.,5.26316,.,5.12933,117.64706
1948-04-01,3.9,-0.1,.,-2.50000,.,-2.53178,114.70588
1948-05-01,3.5,-0.4,.,-10.25641,.,-10.82136,102.94118
1948-06-01,3.6,0.1,.,2.85714,.,2.81709,105.88235
1948-07-01,3.6,0.0,.,0.00000,.,0.00000,105.88235
1948-08-01,3.9,0.3,.,8.33333,.,8.00427,114.70588
1948-09-01,3.8,-0.1,.,-2.56410,.,-2.59755,111.76471
1948-10-01,3.7,-0.1,.,-2.63158,.,-2.66682,108.82353
1948-11-01,3.8,0.1,.,2.70270,.,2.66682,111.76471
1948-12-01,4.0,0.2,.,5.26316,.,5.12933,117.64706
1949-01-01,4.3,0.3,0.9,7.50000,26.47059,7.23207,126.47059
1949-02-01,4.7,0.4,0.9,9.30233,23.68421,8.89475,138.23529
1949-03-01,5.0,0.3,1.0,6.38298,25.00000,6.18754,147.05882
1949-04-01,5.3,0.3,1.4,6.00000,35.89744,5.82689,155.88235
1949-05-01,6.1,0.8,2.6,15.09434,74.28571,14.05820,179.41176
1949-06-01,6.2,0.1,2.6,1.63934,72.22222,1.62605,182.35294
1949-07-01,6.7,0.5,3.1,8.06452,86.11111,7.75582,197.05882
1949-08-01,6.8,0.1,2.9,1.49254,74.35897,1.48151,200.00000
1949-09-01,6.6,-0.2,2.8,-2.94118,73.68421,-2.98530,194.11765
1949-10-01,7.9,1.3,4.2,19.69697,113.51351,17.97931,232.35294
1949-11-01,6.4,-1.5,2.6,-18.98734,68.42105,-21.05648,188.23529
1949-12-01,6.6,0.2,2.6,3.12500,65.00000,3.07717,194.11765
1950-01-01,6.5,-0.1,2.2,-1.51515,51.16279,-1.52675,191.17647
1950-02-01,6.4,-0.1,1.7,-1.53846,36.17021,-1.55042,188.23529
1950-03-01,6.3,-0.1,1.3,-1.56250,26.00000,-1.57484,185.29412
1950-04-01,5.8,-0.5,0.5,-7.93651,9.43396,-8.26917,170.58824
1950-05-01,5.5,-0.3,-0.6,-5.17241,-9.83607,-5.31098,161.76471
1950-06-01,5.4,-0.1,-0.8,-1.81818,-12.90323,-1.83491,158.82353
1950-07-01,5.0,-0.4,-1.7,-7.40741,-25.37313,-7.69610,147.05882
1950-08-01,4.5,-0.5,-2.3,-10.00000,-33.82353,-10.53605,132.35294
1950-09-01,4.4,-0.1,-2.2,-2.22222,-33.33333,-2.24729,129.41176
1950-10-01,4.2,-0.2,-3.7,-4.54545,-46.83544,-4.65200,123.52941
1950-11-01,4.2,0.0,-2.2,0.00000,-34.37500,0.00000,123.52941
1950-12-01,4.3,0.1,-2.3,2.38095,-34.84848,2.35305,126.47059
1951-01-01,3.7,-0.6,-2.8,-13.95349,-43.07692,-15.02822,108.82353
1951-02-01,3.4,-0.3,-3.0,-8.10811,-46.87500,-8.45574,100.00000
1951-03-01,3.4,0.0,-2.9,0.00000,-46.03175,0.00000,100.00000
1951-04-01,3.1,-0.3,-2.7,-8.82353,-46.55172,-9.23733,91.17647
1951-05-01,3.0,-0.1,-2.5,-3.22581,-45.45455,-3.27898,88.23529
1951-06-01,3.2,0.2,-2.2,6.66667,-40.74074,6.45385,94.11765
1951-07-01,3.1,-0.1,-1.9,-3.12500,-38.00000,-3.17487,91.17647
1951-08-01,3.1,0.0,-1.4,0.00000,-31.11111,0.00000,91.17647
1951-09-01,3.3,0.2,-1.1,6.45161,-25.00000,6.25204,97.05882
1951-10-01,3.5,0.2,-0.7,6.06061,-16.66667,5.88405,102.94118
1951-11-01,3.5,0.0,-0.7,0.00000,-16.66667,0.00000,102.94118
1951-12-01,3.1,-0.4,-1.2,-11.42857,-27.90698,-12.13609,91.17647
1952-01-01,3.2,0.1,-0.5,3.22581,-13.51351,3.17487,94.11765
1952-02-01,3.1,-0.1,-0.3,-3.12500,-8.82353,-3.17487,91.17647
1952-03-01,2.9,-0.2,-0.5,-6.45161,-14.70588,-6.66914,85.29412
1952-04-01,2.9,0.0,-0.2,0.00000,-6.45161,0.00000,85.29412
1952-05-01,3.0,0.1,0.0,3.44828,0.00000,3.39016,88.23529
1952-06-01,3.0,0.0,-0.2,0.00000,-6.25000,0.00000,88.23529
1952-07-01,3.2,0.2,0.1,6.66667,3.22581,6.45385,94.11765
1952-08-01,3.4,0.2,0.3,6.25000,9.67742,6.06246,100.00000
1952-09-01,3.1,-0.3,-0.2,-8.82353,-6.06061,-9.23733,91.17647
1952-10-01,3.0,-0.1,-0.5,-3.22581,-14.28571,-3.27898,88.23529
1952-11-01,2.8,-0.2,-0.7,-6.66667,-20.00000,-6.89929,82.35294
1952-12-01,2.7,-0.1,-0.4,-3.57143,-12.90323,-3.63676,79.41176
1953-01-01,2.9,0.2,-0.3,7.40741,-9.37500,7.14590,85.29412
1953-02-01,2.6,-0.3,-0.5,-10.34483,-16.12903,-10.91993,76.47059
1953-03-01,2.6,0.0,-0.3,0.00000,-10.34483,0.00000,76.47059
1953-04-01,2.7,0.1,-0.2,3.84615,-6.89655,3.77403,79.41176
1953-05-01,2.5,-0.2,-0.5,-7.40741,-16.66667,-7.69610,73.52941
1953-06-01,2.5,0.0,-0.5,0.00000,-16.66667,0.00000,73.52941
1953-07-01,2.6,0.1,-0.6,4.00000,-18.75000,3.92207,76.47059
1953-08-01,2.7,0.1,-0.7,3.84615,-20.58824,3.77403,79.41176
1953-09-01,2.9,0.2,-0.2,7.40741,-6.45161,7.14590,85.29412
1953-10-01,3.1,0.2,0.1,6.89655,3.33333,6.66914,91.17647
1953-11-01,3.5,0.4,0.7,12.90323,25.00000,12.13609,102.94118
1953-12-01,4.5,1.0,1.8,28.57143,66.66667,25.13144,132.35294
1954-01-01,4.9,0.4,2.0,8.88889,68.96552,8.51578,144.11765
1954-02-01,5.2,0.3,2.6,6.12245,100.00000,5.94234,152.94118
1954-03-01,5.7,0.5,3.1,9.61538,119.23077,9.18075,167.64706
1954-04-01,5.9,0.2,3.2,3.50877,118.51852,3.44862,173.52941
1954-05-01,5.9,0.0,3.4,0.00000,136.00000,0.00000,173.52941
1954-06-01,5.6,-0.3,3.1,-5.08475,124.00000,-5.21858,164.70588
1954-07-01,5.8,0.2,3.2,3.57143,123.07692,3.50913,170.58824
1954-08-01,6.0,0.2,3.3,3.44828,122.22222,3.39016,176.47059
1954-09-01,6.1,0.1,3.2,1.66667,110.34483,1.65293,179.41176
1954-10-01,5.7,-0.4,2.6,-6.55738,83.87097,-6.78226,167.64706
1954-11-01,5.3,-0.4,1.8,-7.01754,51.42857,-7.27594,155.88235
1954-12-01,5.0,-0.3,0.5,-5.66038,11.11111,-5.82689,147.05882
1955-01-01,4.9,-0.1,0.0,-2.00000,0.00000,-2.02027,144.11765
1955-02-01,4.7,-0.2,-0.5,-4.08163,-9.61538,-4.16727,138.23529
1955-03-01,4.6,-0.1,-1.1,-2.12766,-19.29825,-2.15062,135.29412
1955-04-01,4.7,0.1,-1.2,2.17391,-20.33898,2.15062,138.23529
1955-05-01,4.3,-0.4,-1.6,-8.51064,-27.11864,-8.89475,126.47059
1955-06-01,4.2,-0.1,-1.4,-2.32558,-25.00000,-2.35305,123.52941
1955-07-01,4.0,-0.2,-1.8,-4.76190,-31.03448,-4.87902,117.64706
1955-08-01,4.2,0.2,-1.8,5.00000,-30.00000,4.87902,123.52941
1955-09-01,4.1,-0.1,-2.0,-2.38095,-32.78689,-2.40976,120.58824
1955-10-01,4.3,0.2,-1.4,4.87805,-24.56140,4.76280,126.47059
1955-11-01,4.2,-0.1,-1.1,-2.32558,-20.75472,-2.35305,123.52941
1955-12-01,4.2,0.0,-0.8,0.00000,-16.00000,0.00000,123.52941
1956-01-01,4.0,-0.2,-0.9,-4.76190,-18.36735,-4.87902,117.64706
1956-02-01,3.9,-0.1,-0.8,-2.50000,-17.02128,-2.53178,114.70588
1956-03-01,4.2,0.3,-0.4,7.69231,-8.69565,7.41080,123.52941
1956-04-01,4.0,-0.2,-0.7,-4.76190,-14.89362,-4.87902,117.64706
1956-05-01,4.3,0.3,0.0,7.50000,0.00000,7.23207,126.47059
1956-06-01,4.3,0.0,0.1,0.00000,2.38095,0.00000,126.47059
1956-07-01,4.4,0.1,0.4,2.32558,10.00000,2.29895,129.41176
1956-08-01,4.1,-0.3,-0.1,-6.81818,-2.38095,-7.06176,120.58824
1956-09-01,3.9,-0.2,-0.2,-4.87805,-4.87805,-5.00104,114.70588
1956-10-01,3.9,0.0,-0.4,0.00000,-9.30233,0.00000,114.70588
1956-11-01,4.3,0.4,0.1,10.25641,2.38095,9.76385,126.47059
1956-12-01,4.2,-0.1,0.0,-2.32558,0.00000,-2.35305,123.52941
1957-01-01,4.2,0.0,0.2,0.00000,5.00000,0.00000,123.52941
1957-02-01,3.9,-0.3,0.0,-7.14286,0.00000,-7.41080,114.70588
1957-03-01,3.7,-0.2,-0.5,-5.12821,-11.90476,-5.26437,108.82353
1957-04-01,3.9,0.2,-0.1,5.40541,-2.50000,5.26437,114.70588
1957-05-01,4.1,0.2,-0.2,5.12821,-4.65116,5.00104,120.58824
1957-06-01,4.3,0.2,0.0,4.87805,0.00000,4.76280,126.47059
1957-07-01,4.2,-0.1,-0.2,-2.32558,-4.54545,-2.35305,123.52941
1957-08-01,4.1,-0.1,0.0,-2.38095,0.00000,-2.40976,120.58824
1957-09-01,4.4,0.3,0.5,7.31707,12.82051,7.06176,129.41176
1957-10-01,4.5,0.1,0.6,2.27273,15.38462,2.24729,132.35294
1957-11-01,5.1,0.6,0.8,13.33333,18.60465,12.51631,150.00000
1957-12-01,5.2,0.1,1.0,1.96078,23.80952,1.94181,152.94118
1958-01-01,5.8,0.6,1.6,11.53846,38.09524,10.91993,170.58824
1958-02-01,6.4,0.6,2.5,10.34483,64.10256,9.84401,188.23529
1958-03-01,6.7,0.3,3.0,4.68750,81.08108,4.58095,197.05882
1958-04-01,7.4,0.7,3.5,10.44776,89.74359,9.93725,217.64706
1958-05-01,7.4,0.0,3.3,0.00000,80.48780,0.00000,217.64706
1958-06-01,7.3,-0.1,3.0,-1.35135,69.76744,-1.36057,214.70588
1958-07-01,7.5,0.2,3.3,2.73973,78.57143,2.70287,220.58824
1958-08-01,7.4,-0.1,3.3,-1.33333,80.48780,-1.34230,217.64706
1958-09-01,7.1,-0.3,2.7,-4.05405,61.36364,-4.13852,208.82353
1958-10-01,6.7,-0.4,2.2,-5.63380,48.88889,-5.79873,197.05882
1958-11-01,6.2,-0.5,1.1,-7.46269,21.56863,-7.75582,182.35294
1958-12-01,6.2,0.0,1.0,0.00000,19.23077,0.00000,182.35294
1959-01-01,6.0,-0.2,0.2,-3.22581,3.44828,-3.27898,176.47059
1959-02-01,5.9,-0.1,-0.5,-1.66667,-7.81250,-1.68071,173.52941
1959-03-01,5.6,-0.3,-1.1,-5.08475,-16.41791,-5.21858,164.70588
1959-04-01,5.2,-0.4,-2.2,-7.14286,-29.72973,-7.41080,152.94118
1959-05-01,5.1,-0.1,-2.3,-1.92308,-31.08108,-1.94181,150.00000
1959-06-01,5.0,-0.1,-2.3,-1.96078,-31.50685,-1.98026,147.05882
1959-07-01,5.1,0.1,-2.4,2.00000,-32.00000,1.98026,150.00000
1959-08-01,5.2,0.1,-2.2,1.96078,-29.72973,1.94181,152.94118
1959-09-01,5.5,0.3,-1.6,5.76923,-22.53521,5.60895,161.76471
1959-10-01,5.7,0.2,-1.0,3.63636,-14.92537,3.57181,167.64706
1959-11-01,5.8,0.1,-0.4,1.75439,-6.45161,1.73917,170.58824
1959-12-01,5.3,-0.5,-0.9,-8.62069,-14.51613,-9.01511,155.88235
1960-01-01,5.2,-0.1,-0.8,-1.88679,-13.33333,-1.90482,152.94118
1960-02-01,4.8,-0.4,-1.1,-7.69231,-18.64407,-8.00427,141.17647
1960-03-01,5.4,0.6,-0.2,12.50000,-3.57143,11.77830,158.82353
1960-04-01,5.2,-0.2,0.0,-3.70370,0.00000,-3.77403,152.94118
1960-05-01,5.1,-0.1,0.0,-1.92308,0.00000,-1.94181,150.00000
1960-06-01,5.4,0.3,0.4,5.88235,8.00000,5.71584,158.82353
1960-07-01,5.5,0.1,0.4,1.85185,7.84314,1.83491,161.76471
1960-08-01,5.6,0.1,0.4,1.81818,7.69231,1.80185,164.70588
1960-09-01,5.5,-0.1,0.0,-1.78571,0.00000,-1.80185,161.76471
1960-10-01,6.1,0.6,0.4,10.90909,7.01754,10.35407,179.41176
1960-11-01,6.1,0.0,0.3,0.00000,5.17241,0.00000,179.41176
1960-12-01,6.6,0.5,1.3,8.19672,24.52830,7.87809,194.11765
1961-01-01,6.6,0.0,1.4,0.00000,26.92308,0.00000,194.11765
1961-02-01,6.9,0.3,2.1,4.54545,43.75000,4.44518,202.94118
1961-03-01,6.9,0.0,1.5,0.00000,27.77778,0.00000,202.94118
1961-04-01,7.0,0.1,1.8,1.44928,34.61538,1.43887,205.88235
1961-05-01,7.1,0.1,2.0,1.42857,39.21569,1.41846,208.82353
1961-06-01,6.9,-0.2,1.5,-2.81690,27.77778,-2.85734,202.94118
1961-07-01,7.0,0.1,1.5,1.44928,27.27273,1.43887,205.88235
1961-08-01,6.6,-0.4,1.0,-5.71429,17.85714,-5.88405,194.11765
1961-09-01,6.7,0.1,1.2,1.51515,21.81818,1.50379,197.05882
1961-10-01,6.5,-0.2,0.4,-2.98507,6.55738,-3.03053,191.17647
1961-11-01,6.1,-0.4,0.0,-6.15385,0.00000,-6.35134,179.41176
1961-12-01,6.0,-0.1,-0.6,-1.63934,-9.09091,-1.65293,176.47059
1962-01-01,5.8,-0.2,-0.8,-3.33333,-12.12121,-3.39016,170.58824
1962-02-01,5.5,-0.3,-1.4,-5.17241,-20.28986,-5.31098,161.76471
1962-03-01,5.6,0.1,-1.3,1.81818,-18.84058,1.80185,164.70588
1962-04-01,5.6,0.0,-1.4,0.00000,-20.00000,0.00000,164.70588
1962-05-01,5.5,-0.1,-1.6,-1.78571,-22.53521,-1.80185,161.76471
1962-06-01,5.5,0.0,-1.4,0.00000,-20.28986,0.00000,161.76471
1962-07-01,5.4,-0.1,-1.6,-1.81818,-22.85714,-1.83491,158.82353
1962-08-01,5.7,0.3,-0.9,5.55556,-13.63636,5.40672,167.64706
1962-09-01,5.6,-0.1,-1.1,-1.75439,-16.41791,-1.76996,164.70588
1962-10-01,5.4,-0.2,-1.1,-3.57143,-16.92308,-3.63676,158.82353
1962-11-01,5.7,0.3,-0.4,5.55556,-6.55738,5.40672,167.64706
1962-12-01,5.5,-0.2,-0.5,-3.50877,-8.33333,-3.57181,161.76471
1963-01-01,5.7,0.2,-0.1,3.63636,-1.72414,3.57181,167.64706
1963-02-01,5.9,0.2,0.4,3.50877,7.27273,3.44862,173.52941
1963-03-01,5.7,-0.2,0.1,-3.38983,1.78571,-3.44862,167.64706
1963-04-01,5.7,0.0,0.1,0.00000,1.78571,0.00000,167.64706
1963-05-01,5.9,0.2,0.4,3.50877,7.27273,3.44862,173.52941
1963-06-01,5.6,-0.3,0.1,-5.08475,1.81818,-5.21858,164.70588
1963-07-01,5.6,0.0,0.2,0.00000,3.70370,0.00000,164.70588
1963-08-01,5.4,-0.2,-0.3,-3.57143,-5.26316,-3.63676,158.82353
1963-09-01,5.5,0.1,-0.1,1.85185,-1.78571,1.83491,161.76471
1963-10-01,5.5,0.0,0.1,0.00000,1.85185,0.00000,161.76471
1963-11-01,5.7,0.2,0.0,3.63636,0.00000,3.57181,167.64706
1963-12-01,5.5,-0.2,0.0,-3.50877,0.00000,-3.57181,161.76471
1964-01-01,5.6,0.1,-0.1,1.81818,-1.75439,1.80185,164.70588
1964-02-01,5.4,-0.2,-0.5,-3.57143,-8.47458,-3.63676,158.82353
1964-03-01,5.4,0.0,-0.3,0.00000,-5.26316,0.00000,158.82353
1964-04-01,5.3,-0.1,-0.4,-1.85185,-7.01754,-1.86921,155.88235
1964-05-01,5.1,-0.2,-0.8,-3.77358,-13.55932,-3.84663,150.00000
1964-06-01,5.2,0.1,-0.4,1.96078,-7.14286,1.94181,152.94118
1964-07-01,4.9,-0.3,-0.7,-5.76923,-12.50000,-5.94234,144.11765
1964-08-01,5.0,0.1,-0.4,2.04082,-7.40741,2.02027,147.05882
1964-09-01,5.1,0.1,-0.4,2.00000,-7.27273,1.98026,150.00000
1964-10-01,5.1,0.0,-0.4,0.00000,-7.27273,0.00000,150.00000
1964-11-01,4.8,-0.3,-0.9,-5.88235,-15.78947,-6.06246,141.17647
1964-12-01,5.0,0.2,-0.5,4.16667,-9.09091,4.08220,147.05882
1965-01-01,4.9,-0.1,-0.7,-2.00000,-12.50000,-2.02027,144.11765
1965-02-01,5.1,0.2,-0.3,4.08163,-5.55556,4.00053,150.00000
1965-03-01,4.7,-0.4,-0.7,-7.84314,-12.96296,-8.16780,138.23529
1965-04-01,4.8,0.1,-0.5,2.12766,-9.43396,2.10534,141.17647
1965-05-01,4.6,-0.2,-0.5,-4.16667,-9.80392,-4.25596,135.29412
1965-06-01,4.6,0.0,-0.6,0.00000,-11.53846,0.00000,135.29412
1965-07-01,4.4,-0.2,-0.5,-4.34783,-10.20408,-4.44518,129.41176
1965-08-01,4.4,0.0,-0.6,0.00000,-12.00000,0.00000,129.41176
1965-09-01,4.3,-0.1,-0.8,-2.27273,-15.68627,-2.29895,126.47059
1965-10-01,4.2,-0.1,-0.9,-2.32558,-17.64706,-2.35305,123.52941
1965-11-01,4.1,-0.1,-0.7,-2.38095,-14.58333,-2.40976,120.58824
1965-12-01,4.0,-0.1,-1.0,-2.43902,-20.00000,-2.46926,117.64706
1966-01-01,4.0,0.0,-0.9,0.00000,-18.36735,0.00000,117.64706
1966-02-01,3.8,-0.2,-1.3,-5.00000,-25.49020,-5.12933,111.76471
1966-03-01,3.8,0.0,-0.9,0.00000,-19.14894,0.00000,111.76471
1966-04-01,3.8,0.0,-1.0,0.00000,-20.83333,0.00000,111.76471
1966-05-01,3.9,0.1,-0.7,2.63158,-15.21739,2.59755,114.70588
1966-06-01,3.8,-0.1,-0.8,-2.56410,-17.39130,-2.59755,111.76471
1966-07-01,3.8,0.0,-0.6,0.00000,-13.63636,0.00000,111.76471
1966-08-01,3.8,0.0,-0.6,0.00000,-13.63636,0.00000,111.76471
1966-09-01,3.7,-0.1,-0.6,-2.63158,-13.95349,-2.66682,108.82353
1966-10-01,3.7,0.0,-0.5,0.00000,-11.90476,0.00000,108.82353
1966-11-01,3.6,-0.1,-0.5,-2.70270,-12.19512,-2.73990,105.88235
1966-12-01,3.8,0.2,-0.2,5.55556,-5.00000,5.40672,111.76471
1967-01-01,3.9,0.1,-0.1,2.63158,-2.50000,2.59755,114.70588
1967-02-01,3.8,-0.1,0.0,-2.56410,0.00000,-2.59755,111.76471
1967-03-01,3.8,0.0,0.0,0.00000,0.00000,0.00000,111.76471
1967-04-01,3.8,0.0,0.0,0.00000,0.00000,0.00000,111.76471
1967-05-01,3.8,0.0,-0.1,0.00000,-2.56410,0.00000,111.76471
1967-06-01,3.9,0.1,0.1,2.63158,2.63158,2.59755,114.70588
1967-07-01,3.8,-0.1,0.0,-2.56410,0.00000,-2.59755,111.76471
1967-08-01,3.8,0.0,0.0,0.00000,0.00000,0.00000,111.76471
1967-09-01,3.8,0.0,0.1,0.00000,2.70270,0.00000,111.76471
1967-10-01,4.0,0.2,0.3,5.26316,8.10811,5.12933,117.64706
1967-11-01,3.9,-0.1,0.3,-2.50000,8.33333,-2.53178,114.70588
1967-12-01,3.8,-0.1,0.0,-2.56410,0.00000,-2.59755,111.76471
1968-01-01,3.7,-0.1,-0.2,-2.63158,-5.12821,-2.66682,108.82353
1968-02-01,3.8,0.1,0.0,2.70270,0.00000,2.66682,111.76471
1968-03-01,3.7,-0.1,-0.1,-2.63158,-2.63158,-2.66682,108.82353
1968-04-01,3.5,-0.2,-0.3,-5.40541,-7.89474,-5.55699,102.94118
1968-05-01,3.5,0.0,-0.3,0.00000,-7.89474,0.00000,102.94118
1968-06-01,3.7,0.2,-0.2,5.71429,-5.12821,5.55699,108.82353
1968-07-01,3.7,0.0,-0.1,0.00000,-2.63158,0.00000,108.82353
1968-08-01,3.5,-0.2,-0.3,-5.40541,-7.89474,-5.55699,102.94118
1968-09-01,3.4,-0.1,-0.4,-2.85714,-10.52632,-2.89875,100.00000
1968-10-01,3.4,0.0,-0.6,0.00000,-15.00000,0.00000,100.00000
1968-11-01,3.4,0.0,-0.5,0.00000,-12.82051,0.00000,100.00000
1968-12-01,3.4,0.0,-0.4,0.00000,-10.52632,0.00000,100.00000
1969-01-01,3.4,0.0,-0.3,0.00000,-8.10811,0.00000,100.00000
1969-02-01,3.4,0.0,-0.4,0.00000,-10.52632,0.00000,100.00000
1969-03-01,3.4,0.0,-0.3,0.00000,-8.10811,0.00000,100.00000
1969-04-01,3.4,0.0,-0.1,0.00000,-2.85714,0.00000,100.00000
1969-05-01,3.4,0.0,-0.1,0.00000,-2.85714,0.00000,100.00000
1969-06-01,3.5,0.1,-0.2,2.94118,-5.40541,2.89875,102.94118
1969-07-01,3.5,0.0,-0.2,0.00000,-5.40541,0.00000,102.94118
1969-08-01,3.5,0.0,0.0,0.00000,0.00000,0.00000,102.94118
1969-09-01,3.7,0.2,0.3,5.71429,8.82353,5.55699,108.82353
1969-10-01,3.7,0.0,0.3,0.00000,8.82353,0.00000,108.82353
1969-11-01,3.5,-0.2,0.1,-5.40541,2.94118,-5.55699,102.94118
1969-12-01,3.5,0.0,0.1,0.00000,2.94118,0.00000,102.94118
1970-01-01,3.9,0.4,0.5,11.42857,14.70588,10.82136,114.70588
1970-02-01,4.2,0.3,0.8,7.69231,23.52941,7.41080,123.52941
1970-03-01,4.4,0.2,1.0,4.76190,29.41176,4.65200,129.41176
1970-04-01,4.6,0.2,1.2,4.54545,35.29412,4.44518,135.29412
1970-05-01,4.8,0.2,1.4,4.34783,41.17647,4.25596,141.17647
1970-06-01,4.9,0.1,1.4,2.08333,40.00000,2.06193,144.11765
1970-07-01,5.0,0.1,1.5,2.04082,42.85714,2.02027,147.05882
1970-08-01,5.1,0.1,1.6,2.00000,45.71429,1.98026,150.00000
1970-09-01,5.4,0.3,1.7,5.88235,45.94595,5.71584,158.82353
1970-10-01,5.5,0.1,1.8,1.85185,48.64865,1.83491,161.76471
1970-11-01,5.9,0.4,2.4,7.27273,68.57143,7.02043,173.52941
1970-12-01,6.1,0.2,2.6,3.38983,74.28571,3.33364,179.41176
1971-01-01,5.9,-0.2,2.0,-3.27869,51.28205,-3.33364,173.52941
1971-02-01,5.9,0.0,1.7,0.00000,40.47619,0.00000,173.52941
1971-03-01,6.0,0.1,1.6,1.69492,36.36364,1.68071,176.47059
1971-04-01,5.9,-0.1,1.3,-1.66667,28.26087,-1.68071,173.52941
1971-05-01,5.9,0.0,1.1,0.00000,22.91667,0.00000,173.52941
1971-06-01,5.9,0.0,1.0,0.00000,20.40816,0.00000,173.52941
1971-07-01,6.0,0.1,1.0,1.69492,20.00000,1.68071,176.47059
1971-08-01,6.1,0.1,1.0,1.66667,19.60784,1.65293,179.41176
1971-09-01,6.0,-0.1,0.6,-1.63934,11.11111,-1.65293,176.47059
1971-10-01,5.8,-0.2,0.3,-3.33333,5.45455,-3.39016,170.58824
1971-11-01,6.0,0.2,0.1,3.44828,1.69492,3.39016,176.47059
1971-12-01,6.0,0.0,-0.1,0.00000,-1.63934,0.00000,176.47059
1972-01-01,5.8,-0.2,-0.1,-3.33333,-1.69492,-3.39016,170.58824
1972-02-01,5.7,-0.1,-0.2,-1.72414,-3.38983,-1.73917,167.64706
1972-03-01,5.8,0.1,-0.2,1.75439,-3.33333,1.73917,170.58824
1972-04-01,5.7,-0.1,-0.2,-1.72414,-3.38983,-1.73917,167.64706
1972-05-01,5.7,0.0,-0.2,0.00000,-3.38983,0.00000,167.64706
1972-06-01,5.7,0.0,-0.2,0.00000,-3.38983,0.00000,167.64706
1972-07-01,5.6,-0.1,-0.4,-1.75439,-6.66667,-1.76996,164.70588
1972-08-01,5.6,0.0,-0.5,0.00000,-8.19672,0.00000,164.70588
1972-09-01,5.5,-0.1,-0.5,-1.78571,-8.33333,-1.80185,161.76471
1972-10-01,5.6,0.1,-0.2,1.81818,-3.44828,1.80185,164.70588
1972-11-01,5.3,-0.3,-0.7,-5.35714,-11.66667,-5.50598,155.88235
1972-12-01,5.2,-0.1,-0.8,-1.88679,-13.33333,-1.90482,152.94118
1973-01-01,4.9,-0.3,-0.9,-5.76923,-15.51724,-5.94234,144.11765
1973-02-01,5.0,0.1,-0.7,2.04082,-12.28070,2.02027,147.05882
1973-03-01,4.9,-0.1,-0.9,-2.00000,-15.51724,-2.02027,144.11765
1973-04-01,5.0,0.1,-0.7,2.04082,-12.28070,2.02027,147.05882
1973-05-01,4.9,-0.1,-0.8,-2.00000,-14.03509,-2.02027,144.11765
1973-06-01,4.9,0.0,-0.8,0.00000,-14.03509,0.00000,144.11765
1973-07-01,4.8,-0.1,-0.8,-2.04082,-14.28571,-2.06193,141.17647
1973-08-01,4.8,0.0,-0.8,0.00000,-14.28571,0.00000,141.17647
1973-09-01,4.8,0.0,-0.7,0.00000,-12.72727,0.00000,141.17647
1973-10-01,4.6,-0.2,-1.0,-4.16667,-17.85714,-4.25596,135.29412
1973-11-01,4.8,0.2,-0.5,4.34783,-9.43396,4.25596,141.17647
1973-12-01,4.9,0.1,-0.3,2.08333,-5.76923,2.06193,144.11765
1974-01-01,5.1,0.2,0.2,4.08163,4.08163,4.00053,150.00000
1974-02-01,5.2,0.1,0.2,1.96078,4.00000,1.94181,152.94118
1974-03-01,5.1,-0.1,0.2,-1.92308,4.08163,-1.94181,150.00000
1974-04-01,5.1,0.0,0.1,0.00000,2.00000,0.00000,150.00000
1974-05-01,5.1,0.0,0.2,0.00000,4.08163,0.00000,150.00000
1974-06-01,5.4,0.3,0.5,5.88235,10.20408,5.71584,158.82353
1974-07-01,5.5,0.1,0.7,1.85185,14.58333,1.83491,161.76471
1974-08-01,5.5,0.0,0.7,0.00000,14.58333,0.00000,161.76471
1974-09-01,5.9,0.4,1.1,7.27273,22.91667,7.02043,173.52941
1974-10-01,6.0,0.1,1.4,1.69492,30.43478,1.68071,176.47059
1974-11-01,6.6,0.6,1.8,10.00000,37.50000,9.53102,194.11765
1974-12-01,7.2,0.6,2.3,9.09091,46.93878,8.70114,211.76471
1975-01-01,8.1,0.9,3.0,12.50000,58.82353,11.77830,238.23529
1975-02-01,8.1,0.0,2.9,0.00000,55.76923,0.00000,238.23529
1975-03-01,8.6,0.5,3.5,6.17284,68.62745,5.98981,252.94118
1975-04-01,8.8,0.2,3.7,2.32558,72.54902,2.29895,258.82353
1975-05-01,9.0,0.2,3.9,2.27273,76.47059,2.24729,264.70588
1975-06-01,8.8,-0.2,3.4,-2.22222,62.96296,-2.24729,258.82353
1975-07-01,8.6,-0.2,3.1,-2.27273,56.36364,-2.29895,252.94118
1975-08-01,8.4,-0.2,2.9,-2.32558,52.72727,-2.35305,247.05882
1975-09-01,8.4,0.0,2.5,0.00000,42.37288,0.00000,247.05882
1975-10-01,8.4,0.0,2.4,0.00000,40.00000,0.00000,247.05882
1975-11-01,8.3,-0.1,1.7,-1.19048,25.75758,-1.19762,244.11765
1975-12-01,8.2,-0.1,1.0,-1.20482,13.88889,-1.21214,241.17647
1976-01-01,7.9,-0.3,-0.2,-3.65854,-2.46914,-3.72714,232.35294
1976-02-01,7.7,-0.2,-0.4,-2.53165,-4.93827,-2.56424,226.47059
1976-03-01,7.6,-0.1,-1.0,-1.29870,-11.62791,-1.30721,223.52941
1976-04-01,7.7,0.1,-1.1,1.31579,-12.50000,1.30721,226.47059
1976-05-01,7.4,-0.3,-1.6,-3.89610,-17.77778,-3.97403,217.64706
1976-06-01,7.6,0.2,-1.2,2.70270,-13.63636,2.66682,223.52941
1976-07-01,7.8,0.2,-0.8,2.63158,-9.30233,2.59755,229.41176
1976-08-01,7.8,0.0,-0.6,0.00000,-7.14286,0.00000,229.41176
1976-09-01,7.6,-0.2,-0.8,-2.56410,-9.52381,-2.59755,223.52941
1976-10-01,7.7,0.1,-0.7,1.31579,-8.33333,1.30721,226.47059
1976-11-01,7.8,0.1,-0.5,1.29870,-6.02410,1.29034,229.41176
1976-12-01,7.8,0.0,-0.4,0.00000,-4.87805,0.00000,229.41176
1977-01-01,7.5,-0.3,-0.4,-3.84615,-5.06329,-3.92207,220.58824
1977-02-01,7.6,0.1,-0.1,1.33333,-1.29870,1.32452,223.52941
1977-03-01,7.4,-0.2,-0.2,-2.63158,-2.63158,-2.66682,217.64706
1977-04-01,7.2,-0.2,-0.5,-2.70270,-6.49351,-2.73990,211.76471
1977-05-01,7.0,-0.2,-0.4,-2.77778,-5.40541,-2.81709,205.88235
1977-06-01,7.2,0.2,-0.4,2.85714,-5.26316,2.81709,211.76471
1977-07-01,6.9,-0.3,-0.9,-4.16667,-11.53846,-4.25596,202.94118
1977-08-01,7.0,0.1,-0.8,1.44928,-10.25641,1.43887,205.88235
1977-09-01,6.8,-0.2,-0.8,-2.85714,-10.52632,-2.89875,200.00000
1977-10-01,6.8,0.0,-0.9,0.00000,-11.68831,0.00000,200.00000
1977-11-01,6.8,0.0,-1.0,0.00000,-12.82051,0.00000,200.00000
1977-12-01,6.4,-0.4,-1.4,-5.88235,-17.94872,-6.06246,188.23529
1978-01-01,6.4,0.0,-1.1,0.00000,-14.66667,0.00000,188.23529
1978-02-01,6.3,-0.1,-1.3,-1.56250,-17.10526,-1.57484,185.29412
1978-03-01,6.3,0.0,-1.1,0.00000,-14.86486,0.00000,185.29412
1978-04-01,6.1,-0.2,-1.1,-3.17460,-15.27778,-3.22609,179.41176
1978-05-01,6.0,-0.1,-1.0,-1.63934,-14.28571,-1.65293,176.47059
1978-06-01,5.9,-0.1,-1.3,-1.66667,-18.05556,-1.68071,173.52941
1978-07-01,6.2,0.3,-0.7,5.08475,-10.14493,4.95969,182.35294
1978-08-01,5.9,-0.3,-1.1,-4.83871,-15.71429,-4.95969,173.52941
1978-09-01,6.0,0.1,-0.8,1.69492,-11.76471,1.68071,176.47059
1978-10-01,5.8,-0.2,-1.0,-3.33333,-14.70588,-3.39016,170.58824
1978-11-01,5.9,0.1,-0.9,1.72414,-13.23529,1.70944,173.52941
1978-12-01,6.0,0.1,-0.4,1.69492,-6.25000,1.68071,176.47059
1979-01-01,5.9,-0.1,-0.5,-1.66667,-7.81250,-1.68071,173.52941
1979-02-01,5.9,0.0,-0.4,0.00000,-6.34921,0.00000,173.52941
1979-03-01,5.8,-0.1,-0.5,-1.69492,-7.93651,-1.70944,170.58824
1979-04-01,5.8,0.0,-0.3,0.00000,-4.91803,0.00000,170.58824
1979-05-01,5.6,-0.2,-0.4,-3.44828,-6.66667,-3.50913,164.70588
1979-06-01,5.7,0.1,-0.2,1.78571,-3.38983,1.76996,167.64706
1979-07-01,5.7,0.0,-0.5,0.00000,-8.06452,0.00000,167.64706
1979-08-01,6.0,0.3,0.1,5.26316,1.69492,5.12933,176.47059
1979-09-01,5.9,-0.1,-0.1,-1.66667,-1.66667,-1.68071,173.52941
1979-10-01,6.0,0.1,0.2,1.69492,3.44828,1.68071,176.47059
1979-11-01,5.9,-0.1,0.0,-1.66667,0.00000,-1.68071,173.52941
1979-12-01,6.0,0.1,0.0,1.69492,0.00000,1.68071,176.47059
1980-01-01,6.3,0.3,0.4,5.00000,6.77966,4.87902,185.29412
1980-02-01,6.3,0.0,0.4,0.00000,6.77966,0.00000,185.29412
1980-03-01,6.3,0.0,0.5,0.00000,8.62069,0.00000,185.29412
1980-04-01,6.9,0.6,1.1,9.52381,18.96552,9.09718,202.94118
1980-05-01,7.5,0.6,1.9,8.69565,33.92857,8.33816,220.58824
1980-06-01,7.6,0.1,1.9,1.33333,33.33333,1.32452,223.52941
1980-07-01,7.8,0.2,2.1,2.63158,36.84211,2.59755,229.41176
1980-08-01,7.7,-0.1,1.7,-1.28205,28.33333,-1.29034,226.47059
1980-09-01,7.5,-0.2,1.6,-2.59740,27.11864,-2.63173,220.58824
1980-10-01,7.5,0.0,1.5,0.00000,25.00000,0.00000,220.58824
1980-11-01,7.5,0.0,1.6,0.00000,27.11864,0.00000,220.58824
1980-12-01,7.2,-0.3,1.2,-4.00000,20.00000,-4.08220,211.76471
1981-01-01,7.5,0.3,1.2,4.16667,19.04762,4.08220,220.58824
1981-02-01,7.4,-0.1,1.1,-1.33333,17.46032,-1.34230,217.64706
1981-03-01,7.4,0.0,1.1,0.00000,17.46032,0.00000,217.64706
1981-04-01,7.2,-0.2,0.3,-2.70270,4.34783,-2.73990,211.76471
1981-05-01,7.5,0.3,0.0,4.16667,0.00000,4.08220,220.58824
1981-06-01,7.5,0.0,-0.1,0.00000,-1.31579,0.00000,220.58824
1981-07-01,7.2,-0.3,-0.6,-4.00000,-7.69231,-4.08220,211.76471
1981-08-01,7.4,0.2,-0.3,2.77778,-3.89610,2.73990,217.64706
1981-09-01,7.6,0.2,0.1,2.70270,1.33333,2.66682,223.52941
1981-10-01,7.9,0.3,0.4,3.94737,5.33333,3.87145,232.35294
1981-11-01,8.3,0.4,0.8,5.06329,10.66667,4.93928,244.11765
1981-12-01,8.5,0.2,1.3,2.40964,18.05556,2.38106,250.00000
1982-01-01,8.6,0.1,1.1,1.17647,14.66667,1.16960,252.94118
1982-02-01,8.9,0.3,1.5,3.48837,20.27027,3.42891,261.76471
1982-03-01,9.0,0.1,1.6,1.12360,21.62162,1.11733,264.70588
1982-04-01,9.3,0.3,2.1,3.33333,29.16667,3.27898,273.52941
1982-05-01,9.4,0.1,1.9,1.07527,25.33333,1.06953,276.47059
1982-06-01,9.6,0.2,2.1,2.12766,28.00000,2.10534,282.35294
1982-07-01,9.8,0.2,2.6,2.08333,36.11111,2.06193,288.23529
1982-08-01,9.8,0.0,2.4,0.00000,32.43243,0.00000,288.23529
1982-09-01,10.1,0.3,2.5,3.06122,32.89474,3.01530,297.05882
1982-10-01,10.4,0.3,2.5,2.97030,31.64557,2.92704,305.88235
1982-11-01,10.8,0.4,2.5,3.84615,30.12048,3.77403,317.64706
1982-12-01,10.8,0.0,2.3,0.00000,27.05882,0.00000,317.64706
1983-01-01,10.4,-0.4,1.8,-3.70370,20.93023,-3.77403,305.88235
1983-02-01,10.4,0.0,1.5,0.00000,16.85393,0.00000,305.88235
1983-03-01,10.3,-0.1,1.3,-0.96154,14.44444,-0.96619,302.94118
1983-04-01,10.2,-0.1,0.9,-0.97087,9.67742,-0.97562,300.00000
1983-05-01,10.1,-0.1,0.7,-0.98039,7.44681,-0.98523,297.05882
1983-06-01,10.1,0.0,0.5,0.00000,5.20833,0.00000,297.05882
1983-07-01,9.4,-0.7,-0.4,-6.93069,-4.08163,-7.18257,276.47059
1983-08-01,9.5,0.1,-0.3,1.06383,-3.06122,1.05821,279.41176
1983-09-01,9.2,-0.3,-0.9,-3.15789,-8.91089,-3.20883,270.58824
1983-10-01,8.8,-0.4,-1.6,-4.34783,-15.38462,-4.44518,258.82353
1983-11-01,8.5,-0.3,-2.3,-3.40909,-21.29630,-3.46856,250.00000
1983-12-01,8.3,-0.2,-2.5,-2.35294,-23.14815,-2.38106,244.11765
1984-01-01,8.0,-0.3,-2.4,-3.61446,-23.07692,-3.68140,235.29412
1984-02-01,7.8,-0.2,-2.6,-2.50000,-25.00000,-2.53178,229.41176
1984-03-01,7.8,0.0,-2.5,0.00000,-24.27184,0.00000,229.41176
1984-04-01,7.7,-0.1,-2.5,-1.28205,-24.50980,-1.29034,226.47059
1984-05-01,7.4,-0.3,-2.7,-3.89610,-26.73267,-3.97403,217.64706
1984-06-01,7.2,-0.2,-2.9,-2.70270,-28.71287,-2.73990,211.76471
1984-07-01,7.5,0.3,-1.9,4.16667,-20.21277,4.08220,220.58824
1984-08-01,7.5,0.0,-2.0,0.00000,-21.05263,0.00000,220.58824
1984-09-01,7.3,-0.2,-1.9,-2.66667,-20.65217,-2.70287,214.70588
1984-10-01,7.4,0.1,-1.4,1.36986,-15.90909,1.36057,217.64706
1984-11-01,7.2,-0.2,-1.3,-2.70270,-15.29412,-2.73990,211.76471
1984-12-01,7.3,0.1,-1.0,1.38889,-12.04819,1.37933,214.70588
1985-01-01,7.3,0.0,-0.7,0.00000,-8.75000,0.00000,214.70588
1985-02-01,7.2,-0.1,-0.6,-1.36986,-7.69231,-1.37933,211.76471
1985-03-01,7.2,0.0,-0.6,0.00000,-7.69231,0.00000,211.76471
1985-04-01,7.3,0.1,-0.4,1.38889,-5.19481,1.37933,214.70588
1985-05-01,7.2,-0.1,-0.2,-1.36986,-2.70270,-1.37933,211.76471
1985-06-01,7.4,0.2,0.2,2.77778,2.77778,2.73990,217.64706
1985-07-01,7.4,0.0,-0.1,0.00000,-1.33333,0.00000,217.64706
1985-08-01,7.1,-0.3,-0.4,-4.05405,-5.33333,-4.13852,208.82353
1985-09-01,7.1,0.0,-0.2,0.00000,-2.73973,0.00000,208.82353
1985-10-01,7.1,0.0,-0.3,0.00000,-4.05405,0.00000,208.82353
1985-11-01,7.0,-0.1,-0.2,-1.40845,-2.77778,-1.41846,205.88235
1985-12-01,7.0,0.0,-0.3,0.00000,-4.10959,0.00000,205.88235
1986-01-01,6.7,-0.3,-0.6,-4.28571,-8.21918,-4.38026,197.05882
1986-02-01,7.2,0.5,0.0,7.46269,0.00000,7.19735,211.76471
1986-03-01,7.2,0.0,0.0,0.00000,0.00000,0.00000,211.76471
1986-04-01,7.1,-0.1,-0.2,-1.38889,-2.73973,-1.39862,208.82353
1986-05-01,7.2,0.1,0.0,1.40845,0.00000,1.39862,211.76471
1986-06-01,7.2,0.0,-0.2,0.00000,-2.70270,0.00000,211.76471
1986-07-01,7.0,-0.2,-0.4,-2.77778,-5.40541,-2.81709,205.88235
1986-08-01,6.9,-0.1,-0.2,-1.42857,-2.81690,-1.43887,202.94118
1986-09-01,7.0,0.1,-0.1,1.44928,-1.40845,1.43887,205.88235
1986-10-01,7.0,0.0,-0.1,0.00000,-1.40845,0.00000,205.88235
1986-11-01,6.9,-0.1,-0.1,-1.42857,-1.42857,-1.43887,202.94118
1986-12-01,6.6,-0.3,-0.4,-4.34783,-5.71429,-4.44518,194.11765
1987-01-01,6.6,0.0,-0.1,0.00000,-1.49254,0.00000,194.11765
1987-02-01,6.6,0.0,-0.6,0.00000,-8.33333,0.00000,194.11765
1987-03-01,6.6,0.0,-0.6,0.00000,-8.33333,0.00000,194.11765
1987-04-01,6.3,-0.3,-0.8,-4.54545,-11.26761,-4.65200,185.29412
1987-05-01,6.3,0.0,-0.9,0.00000,-12.50000,0.00000,185.29412
1987-06-01,6.2,-0.1,-1.0,-1.58730,-13.88889,-1.60003,182.35294
1987-07-01,6.1,-0.1,-0.9,-1.61290,-12.85714,-1.62605,179.41176
1987-08-01,6.0,-0.1,-0.9,-1.63934,-13.04348,-1.65293,176.47059
1987-09-01,5.9,-0.1,-1.1,-1.66667,-15.71429,-1.68071,173.52941
1987-10-01,6.0,0.1,-1.0,1.69492,-14.28571,1.68071,176.47059
1987-11-01,5.8,-0.2,-1.1,-3.33333,-15.94203,-3.39016,170.58824
1987-12-01,5.7,-0.1,-0.9,-1.72414,-13.63636,-1.73917,167.64706
1988-01-01,5.7,0.0,-0.9,0.00000,-13.63636,0.00000,167.64706
1988-02-01,5.7,0.0,-0.9,0.00000,-13.63636,0.00000,167.64706
1988-03-01,5.7,0.0,-0.9,0.00000,-13.63636,0.00000,167.64706
1988-04-01,5.4,-0.3,-0.9,-5.26316,-14.28571,-5.40672,158.82353
1988-05-01,5.6,0.2,-0.7,3.70370,-11.11111,3.63676,164.70588
1988-06-01,5.4,-0.2,-0.8,-3.57143,-12.90323,-3.63676,158.82353
1988-07-01,5.4,0.0,-0.7,0.00000,-11.47541,0.00000,158.82353
1988-08-01,5.6,0.2,-0.4,3.70370,-6.66667,3.63676,164.70588
1988-09-01,5.4,-0.2,-0.5,-3.57143,-8.47458,-3.63676,158.82353
1988-10-01,5.4,0.0,-0.6,0.00000,-10.00000,0.00000,158.82353
1988-11-01,5.3,-0.1,-0.5,-1.85185,-8.62069,-1.86921,155.88235
1988-12-01,5.3,0.0,-0.4,0.00000,-7.01754,0.00000,155.88235
1989-01-01,5.4,0.1,-0.3,1.88679,-5.26316,1.86921,158.82353
1989-02-01,5.2,-0.2,-0.5,-3.70370,-8.77193,-3.77403,152.94118
1989-03-01,5.0,-0.2,-0.7,-3.84615,-12.28070,-3.92207,147.05882
1989-04-01,5.2,0.2,-0.2,4.00000,-3.70370,3.92207,152.94118
1989-05-01,5.2,0.0,-0.4,0.00000,-7.14286,0.00000,152.94118
1989-06-01,5.3,0.1,-0.1,1.92308,-1.85185,1.90482,155.88235
1989-07-01,5.2,-0.1,-0.2,-1.88679,-3.70370,-1.90482,152.94118
1989-08-01,5.2,0.0,-0.4,0.00000,-7.14286,0.00000,152.94118
1989-09-01,5.3,0.1,-0.1,1.92308,-1.85185,1.90482,155.88235
1989-10-01,5.3,0.0,-0.1,0.00000,-1.85185,0.00000,155.88235
1989-11-01,5.4,0.1,0.1,1.88679,1.88679,1.86921,158.82353
1989-12-01,5.4,0.0,0.1,0.00000,1.88679,0.00000,158.82353
1990-01-01,5.4,0.0,0.0,0.00000,0.00000,0.00000,158.82353
1990-02-01,5.3,-0.1,0.1,-1.85185,1.92308,-1.86921,155.88235
1990-03-01,5.2,-0.1,0.2,-1.88679,4.00000,-1.90482,152.94118
1990-04-01,5.4,0.2,0.2,3.84615,3.84615,3.77403,158.82353
1990-05-01,5.4,0.0,0.2,0.00000,3.84615,0.00000,158.82353
1990-06-01,5.2,-0.2,-0.1,-3.70370,-1.88679,-3.77403,152.94118
1990-07-01,5.5,0.3,0.3,5.76923,5.76923,5.60895,161.76471
1990-08-01,5.7,0.2,0.5,3.63636,9.61538,3.57181,167.64706
1990-09-01,5.9,0.2,0.6,3.50877,11.32075,3.44862,173.52941
1990-10-01,5.9,0.0,0.6,0.00000,11.32075,0.00000,173.52941
1990-11-01,6.2,0.3,0.8,5.08475,14.81481,4.95969,182.35294
1990-12-01,6.3,0.1,0.9,1.61290,16.66667,1.60003,185.29412
1991-01-01,6.4,0.1,1.0,1.58730,18.51852,1.57484,188.23529
1991-02-01,6.6,0.2,1.3,3.12500,24.52830,3.07717,194.11765
1991-03-01,6.8,0.2,1.6,3.03030,30.76923,2.98530,200.00000
1991-04-01,6.7,-0.1,1.3,-1.47059,24.07407,-1.48151,197.05882
1991-05-01,6.9,0.2,1.5,2.98507,27.77778,2.94139,202.94118
1991-06-01,6.9,0.0,1.7,0.00000,32.69231,0.00000,202.94118
1991-07-01,6.8,-0.1,1.3,-1.44928,23.63636,-1.45988,200.00000
1991-08-01,6.9,0.1,1.2,1.47059,21.05263,1.45988,202.94118
1991-09-01,6.9,0.0,1.0,0.00000,16.94915,0.00000,202.94118
1991-10-01,7.0,0.1,1.1,1.44928,18.64407,1.43887,205.88235
1991-11-01,7.0,0.0,0.8,0.00000,12.90323,0.00000,205.88235
1991-12-01,7.3,0.3,1.0,4.28571,15.87302,4.19642,214.70588
1992-01-01,7.3,0.0,0.9,0.00000,14.06250,0.00000,214.70588
1992-02-01,7.4,0.1,0.8,1.36986,12.12121,1.36057,217.64706
1992-03-01,7.4,0.0,0.6,0.00000,8.82353,0.00000,217.64706
1992-04-01,7.4,0.0,0.7,0.00000,10.44776,0.00000,217.64706
1992-05-01,7.6,0.2,0.7,2.70270,10.14493,2.66682,223.52941
1992-06-01,7.8,0.2,0.9,2.63158,13.04348,2.59755,229.41176
1992-07-01,7.7,-0.1,0.9,-1.28205,13.23529,-1.29034,226.47059
1992-08-01,7.6,-0.1,0.7,-1.29870,10.14493,-1.30721,223.52941
1992-09-01,7.6,0.0,0.7,0.00000,10.14493,0.00000,223.52941
1992-10-01,7.3,-0.3,0.3,-3.94737,4.28571,-4.02739,214.70588
1992-11-01,7.4,0.1,0.4,1.36986,5.71429,1.36057,217.64706
1992-12-01,7.4,0.0,0.1,0.00000,1.36986,0.00000,217.64706
1993-01-01,7.3,-0.1,0.0,-1.35135,0.00000,-1.36057,214.70588
1993-02-01,7.1,-0.2,-0.3,-2.73973,-4.05405,-2.77796,208.82353
1993-03-01,7.0,-0.1,-0.4,-1.40845,-5.40541,-1.41846,205.88235
1993-04-01,7.1,0.1,-0.3,1.42857,-4.05405,1.41846,208.82353
1993-05-01,7.1,0.0,-0.5,0.00000,-6.57895,0.00000,208.82353
1993-06-01,7.0,-0.1,-0.8,-1.40845,-10.25641,-1.41846,205.88235
1993-07-01,6.9,-0.1,-0.8,-1.42857,-10.38961,-1.43887,202.94118
1993-08-01,6.8,-0.1,-0.8,-1.44928,-10.52632,-1.45988,200.00000
1993-09-01,6.7,-0.1,-0.9,-1.47059,-11.84211,-1.48151,197.05882
1993-10-01,6.8,0.1,-0.5,1.49254,-6.84932,1.48151,200.00000
1993-11-01,6.6,-0.2,-0.8,-2.94118,-10.81081,-2.98530,194.11765
1993-12-01,6.5,-0.1,-0.9,-1.51515,-12.16216,-1.52675,191.17647
1994-01-01,6.6,0.1,-0.7,1.53846,-9.58904,1.52675,194.11765
1994-02-01,6.6,0.0,-0.5,0.00000,-7.04225,0.00000,194.11765
1994-03-01,6.5,-0.1,-0.5,-1.51515,-7.14286,-1.52675,191.17647
1994-04-01,6.4,-0.1,-0.7,-1.53846,-9.85915,-1.55042,188.23529
1994-05-01,6.1,-0.3,-1.0,-4.68750,-14.08451,-4.80092,179.41176
1994-06-01,6.1,0.0,-0.9,0.00000,-12.85714,0.00000,179.41176
1994-07-01,6.1,0.0,-0.8,0.00000,-11.59420,0.00000,179.41176
1994-08-01,6.0,-0.1,-0.8,-1.63934,-11.76471,-1.65293,176.47059
1994-09-01,5.9,-0.1,-0.8,-1.66667,-11.94030,-1.68071,173.52941
1994-10-01,5.8,-0.1,-1.0,-1.69492,-14.70588,-1.70944,170.58824
1994-11-01,5.6,-0.2,-1.0,-3.44828,-15.15152,-3.50913,164.70588
1994-12-01,5.5,-0.1,-1.0,-1.78571,-15.38462,-1.80185,161.76471
1995-01-01,5.6,0.1,-1.0,1.81818,-15.15152,1.80185,164.70588
1995-02-01,5.4,-0.2,-1.2,-3.57143,-18.18182,-3.63676,158.82353
1995-03-01,5.4,0.0,-1.1,0.00000,-16.92308,0.00000,158.82353
1995-04-01,5.8,0.4,-0.6,7.40741,-9.37500,7.14590,170.58824
1995-05-01,5.6,-0.2,-0.5,-3.44828,-8.19672,-3.50913,164.70588
1995-06-01,5.6,0.0,-0.5,0.00000,-8.19672,0.00000,164.70588
1995-07-01,5.7,0.1,-0.4,1.78571,-6.55738,1.76996,167.64706
1995-08-01,5.7,0.0,-0.3,0.00000,-5.00000,0.00000,167.64706
1995-09-01,5.6,-0.1,-0.3,-1.75439,-5.08475,-1.76996,164.70588
1995-10-01,5.5,-0.1,-0.3,-1.78571,-5.17241,-1.80185,161.76471
1995-11-01,5.6,0.1,0.0,1.81818,0.00000,1.80185,164.70588
1995-12-01,5.6,0.0,0.1,0.00000,1.81818,0.00000,164.70588
1996-01-01,5.6,0.0,0.0,0.00000,0.00000,0.00000,164.70588
1996-02-01,5.5,-0.1,0.1,-1.78571,1.85185,-1.80185,161.76471
1996-03-01,5.5,0.0,0.1,0.00000,1.85185,0.00000,161.76471
1996-04-01,5.6,0.1,-0.2,1.81818,-3.44828,1.80185,164.70588
1996-05-01,5.6,0.0,0.0,0.00000,0.00000,0.00000,164.70588
1996-06-01,5.3,-0.3,-0.3,-5.35714,-5.35714,-5.50598,155.88235
1996-07-01,5.5,0.2,-0.2,3.77358,-3.50877,3.70413,161.76471
1996-08-01,5.1,-0.4,-0.6,-7.27273,-10.52632,-7.55076,150.00000
1996-09-01,5.2,0.1,-0.4,1.96078,-7.14286,1.94181,152.94118
1996-10-01,5.2,0.0,-0.3,0.00000,-5.45455,0.00000,152.94118
1996-11-01,5.4,0.2,-0.2,3.84615,-3.57143,3.77403,158.82353
1996-12-01,5.4,0.0,-0.2,0.00000,-3.57143,0.00000,158.82353
1997-01-01,5.3,-0.1,-0.3,-1.85185,-5.35714,-1.86921,155.88235
1997-02-01,5.2,-0.1,-0.3,-1.88679,-5.45455,-1.90482,152.94118
1997-03-01,5.2,0.0,-0.3,0.00000,-5.45455,0.00000,152.94118
1997-04-01,5.1,-0.1,-0.5,-1.92308,-8.92857,-1.94181,150.00000
1997-05-01,4.9,-0.2,-0.7,-3.92157,-12.50000,-4.00053,144.11765
1997-06-01,5.0,0.1,-0.3,2.04082,-5.66038,2.02027,147.05882
1997-07-01,4.9,-0.1,-0.6,-2.00000,-10.90909,-2.02027,144.11765
1997-08-01,4.8,-0.1,-0.3,-2.04082,-5.88235,-2.06193,141.17647
1997-09-01,4.9,0.1,-0.3,2.08333,-5.76923,2.06193,144.11765
1997-10-01,4.7,-0.2,-0.5,-4.08163,-9.61538,-4.16727,138.23529
1997-11-01,4.6,-0.1,-0.8,-2.12766,-14.81481,-2.15062,135.29412
1997-12-01,4.7,0.1,-0.7,2.17391,-12.96296,2.15062,138.23529
1998-01-01,4.6,-0.1,-0.7,-2.12766,-13.20755,-2.15062,135.29412
1998-02-01,4.6,0.0,-0.6,0.00000,-11.53846,0.00000,135.29412
1998-03-01,4.7,0.1,-0.5,2.17391,-9.61538,2.15062,138.23529
1998-04-01,4.3,-0.4,-0.8,-8.51064,-15.68627,-8.89475,126.47059
1998-05-01,4.4,0.1,-0.5,2.32558,-10.20408,2.29895,129.41176
1998-06-01,4.5,0.1,-0.5,2.27273,-10.00000,2.24729,132.35294
1998-07-01,4.5,0.0,-0.4,0.00000,-8.16327,0.00000,132.35294
1998-08-01,4.5,0.0,-0.3,0.00000,-6.25000,0.00000,132.35294
1998-09-01,4.6,0.1,-0.3,2.22222,-6.12245,2.19789,135.29412
1998-10-01,4.5,-0.1,-0.2,-2.17391,-4.25532,-2.19789,132.35294
1998-11-01,4.4,-0.1,-0.2,-2.22222,-4.34783,-2.24729,129.41176
1998-12-01,4.4,0.0,-0.3,0.00000,-6.38298,0.00000,129.41176
1999-01-01,4.3,-0.1,-0.3,-2.27273,-6.52174,-2.29895,126.47059
1999-02-01,4.4,0.1,-0.2,2.32558,-4.34783,2.29895,129.41176
1999-03-01,4.2,-0.2,-0.5,-4.54545,-10.63830,-4.65200,123.52941
1999-04-01,4.3,0.1,0.0,2.38095,0.00000,2.35305,126.47059
1999-05-01,4.2,-0.1,-0.2,-2.32558,-4.54545,-2.35305,123.52941
1999-06-01,4.3,0.1,-0.2,2.38095,-4.44444,2.35305,126.47059
1999-07-01,4.3,0.0,-0.2,0.00000,-4.44444,0.00000,126.47059
1999-08-01,4.2,-0.1,-0.3,-2.32558,-6.66667,-2.35305,123.52941
1999-09-01,4.2,0.0,-0.4,0.00000,-8.69565,0.00000,123.52941
1999-10-01,4.1,-0.1,-0.4,-2.38095,-8.88889,-2.40976,120.58824
1999-11-01,4.1,0.0,-0.3,0.00000,-6.81818,0.00000,120.58824
1999-12-01,4.0,-0.1,-0.4,-2.43902,-9.09091,-2.46926,117.64706
2000-01-01,4.0,0.0,-0.3,0.00000,-6.97674,0.00000,117.64706
2000-02-01,4.1,0.1,-0.3,2.50000,-6.81818,2.46926,120.58824
2000-03-01,4.0,-0.1,-0.2,-2.43902,-4.76190,-2.46926,117.64706
2000-04-01,3.8,-0.2,-0.5,-5.00000,-11.62791,-5.12933,111.76471
2000-05-01,4.0,0.2,-0.2,5.26316,-4.76190,5.12933,117.64706
2000-06-01,4.0,0.0,-0.3,0.00000,-6.97674,0.00000,117.64706
2000-07-01,4.0,0.0,-0.3,0.00000,-6.97674,0.00000,117.64706
2000-08-01,4.1,0.1,-0.1,2.50000,-2.38095,2.46926,120.58824
2000-09-01,3.9,-0.2,-0.3,-4.87805,-7.14286,-5.00104,114.70588
2000-10-01,3.9,0.0,-0.2,0.00000,-4.87805,0.00000,114.70588
2000-11-01,3.9,0.0,-0.2,0.00000,-4.87805,0.00000,114.70588
2000-12-01,3.9,0.0,-0.1,0.00000,-2.50000,0.00000,114.70588
2001-01-01,4.2,0.3,0.2,7.69231,5.00000,7.41080,123.52941
2001-02-01,4.2,0.0,0.1,0.00000,2.43902,0.00000,123.52941
2001-03-01,4.3,0.1,0.3,2.38095,7.50000,2.35305,126.47059
2001-04-01,4.4,0.1,0.6,2.32558,15.78947,2.29895,129.41176
2001-05-01,4.3,-0.1,0.3,-2.27273,7.50000,-2.29895,126.47059
2001-06-01,4.5,0.2,0.5,4.65116,12.50000,4.54624,132.35294
2001-07-01,4.6,0.1,0.6,2.22222,15.00000,2.19789,135.29412
2001-08-01,4.9,0.3,0.8,6.52174,19.51220,6.31789,144.11765
2001-09-01,5.0,0.1,1.1,2.04082,28.20513,2.02027,147.05882
2001-10-01,5.3,0.3,1.4,6.00000,35.89744,5.82689,155.88235
2001-11-01,5.5,0.2,1.6,3.77358,41.02564,3.70413,161.76471
2001-12-01,5.7,0.2,1.8,3.63636,46.15385,3.57181,167.64706
2002-01-01,5.7,0.0,1.5,0.00000,35.71429,0.00000,167.64706
2002-02-01,5.7,0.0,1.5,0.00000,35.71429,0.00000,167.64706
2002-03-01,5.7,0.0,1.4,0.00000,32.55814,0.00000,167.64706
2002-04-01,5.9,0.2,1.5,3.50877,34.09091,3.44862,173.52941
2002-05-01,5.8,-0.1,1.5,-1.69492,34.88372,-1.70944,170.58824
2002-06-01,5.8,0.0,1.3,0.00000,28.88889,0.00000,170.58824
2002-07-01,5.8,0.0,1.2,0.00000,26.08696,0.00000,170.58824
2002-08-01,5.7,-0.1,0.8,-1.72414,16.32653,-1.73917,167.64706
2002-09-01,5.7,0.0,0.7,0.00000,14.00000,0.00000,167.64706
2002-10-01,5.7,0.0,0.4,0.00000,7.54717,0.00000,167.64706
2002-11-01,5.9,0.2,0.4,3.50877,7.27273,3.44862,173.52941
2002-12-01,6.0,0.1,0.3,1.69492,5.26316,1.68071,176.47059
2003-01-01,5.8,-0.2,0.1,-3.33333,1.75439,-3.39016,170.58824
2003-02-01,5.9,0.1,0.2,1.72414,3.50877,1.70944,173.52941
2003-03-01,5.9,0.0,0.2,0.00000,3.50877,0.00000,173.52941
2003-04-01,6.0,0.1,0.1,1.69492,1.69492,1.68071,176.47059
2003-05-01,6.1,0.1,0.3,1.66667,5.17241,1.65293,179.41176
2003-06-01,6.3,0.2,0.5,3.27869,8.62069,3.22609,185.29412
2003-07-01,6.2,-0.1,0.4,-1.58730,6.89655,-1.60003,182.35294
2003-08-01,6.1,-0.1,0.4,-1.61290,7.01754,-1.62605,179.41176
2003-09-01,6.1,0.0,0.4,0.00000,7.01754,0.00000,179.41176
2003-10-01,6.0,-0.1,0.3,-1.63934,5.26316,-1.65293,176.47059
2003-11-01,5.8,-0.2,-0.1,-3.33333,-1.69492,-3.39016,170.58824
2003-12-01,5.7,-0.1,-0.3,-1.72414,-5.00000,-1.73917,167.64706
2004-01-01,5.7,0.0,-0.1,0.00000,-1.72414,0.00000,167.64706
2004-02-01,5.6,-0.1,-0.3,-1.75439,-5.08475,-1.76996,164.70588
2004-03-01,5.8,0.2,-0.1,3.57143,-1.69492,3.50913,170.58824
2004-04-01,5.6,-0.2,-0.4,-3.44828,-6.66667,-3.50913,164.70588
2004-05-01,5.6,0.0,-0.5,0.00000,-8.19672,0.00000,164.70588
2004-06-01,5.6,0.0,-0.7,0.00000,-11.11111,0.00000,164.70588
2004-07-01,5.5,-0.1,-0.7,-1.78571,-11.29032,-1.80185,161.76471
2004-08-01,5.4,-0.1,-0.7,-1.81818,-11.47541,-1.83491,158.82353
2004-09-01,5.4,0.0,-0.7,0.00000,-11.47541,0.00000,158.82353
2004-10-01,5.5,0.1,-0.5,1.85185,-8.33333,1.83491,161.76471
2004-11-01,5.4,-0.1,-0.4,-1.81818,-6.89655,-1.83491,158.82353
2004-12-01,5.4,0.0,-0.3,0.00000,-5.26316,0.00000,158.82353
2005-01-01,5.3,-0.1,-0.4,-1.85185,-7.01754,-1.86921,155.88235
2005-02-01,5.4,0.1,-0.2,1.88679,-3.57143,1.86921,158.82353
2005-03-01,5.2,-0.2,-0.6,-3.70370,-10.34483,-3.77403,152.94118
2005-04-01,5.2,0.0,-0.4,0.00000,-7.14286,0.00000,152.94118
2005-05-01,5.1,-0.1,-0.5,-1.92308,-8.92857,-1.94181,150.00000
2005-06-01,5.0,-0.1,-0.6,-1.96078,-10.71429,-1.98026,147.05882
2005-07-01,5.0,0.0,-0.5,0.00000,-9.09091,0.00000,147.05882
2005-08-01,4.9,-0.1,-0.5,-2.00000,-9.25926,-2.02027,144.11765
2005-09-01,5.0,0.1,-0.4,2.04082,-7.40741,2.02027,147.05882
2005-10-01,5.0,0.0,-0.5,0.00000,-9.09091,0.00000,147.05882
2005-11-01,5.0,0.0,-0.4,0.00000,-7.40741,0.00000,147.05882
2005-12-01,4.9,-0.1,-0.5,-2.00000,-9.25926,-2.02027,144.11765
2006-01-01,4.7,-0.2,-0.6,-4.08163,-11.32075,-4.16727,138.23529
2006-02-01,4.8,0.1,-0.6,2.12766,-11.11111,2.10534,141.17647
2006-03-01,4.7,-0.1,-0.5,-2.08333,-9.61538,-2.10534,138.23529
2006-04-01,4.7,0.0,-0.5,0.00000,-9.61538,0.00000,138.23529
2006-05-01,4.6,-0.1,-0.5,-2.12766,-9.80392,-2.15062,135.29412
2006-06-01,4.6,0.0,-0.4,0.00000,-8.00000,0.00000,135.29412
2006-07-01,4.7,0.1,-0.3,2.17391,-6.00000,2.15062,138.23529
2006-08-01,4.7,0.0,-0.2,0.00000,-4.08163,0.00000,138.23529
2006-09-01,4.5,-0.2,-0.5,-4.25532,-10.00000,-4.34851,132.35294
2006-10-01,4.4,-0.1,-0.6,-2.22222,-12.00000,-2.24729,129.41176
2006-11-01,4.5,0.1,-0.5,2.27273,-10.00000,2.24729,132.35294
2006-12-01,4.4,-0.1,-0.5,-2.22222,-10.20408,-2.24729,129.41176
2007-01-01,4.6,0.2,-0.1,4.54545,-2.12766,4.44518,135.29412
2007-02-01,4.5,-0.1,-0.3,-2.17391,-6.25000,-2.19789,132.35294
2007-03-01,4.4,-0.1,-0.3,-2.22222,-6.38298,-2.24729,129.41176
2007-04-01,4.5,0.1,-0.2,2.27273,-4.25532,2.24729,132.35294
2007-05-01,4.4,-0.1,-0.2,-2.22222,-4.34783,-2.24729,129.41176
2007-06-01,4.6,0.2,0.0,4.54545,0.00000,4.44518,135.29412
2007-07-01,4.7,0.1,0.0,2.17391,0.00000,2.15062,138.23529
2007-08-01,4.6,-0.1,-0.1,-2.12766,-2.12766,-2.15062,135.29412
2007-09-01,4.7,0.1,0.2,2.17391,4.44444,2.15062,138.23529
2007-10-01,4.7,0.0,0.3,0.00000,6.81818,0.00000,138.23529
2007-11-01,4.7,0.0,0.2,0.00000,4.44444,0.00000,138.23529
2007-12-01,5.0,0.3,0.6,6.38298,13.63636,6.18754,147.05882
2008-01-01,5.0,0.0,0.4,0.00000,8.69565,0.00000,147.05882
2008-02-01,4.9,-0.1,0.4,-2.00000,8.88889,-2.02027,144.11765
2008-03-01,5.1,0.2,0.7,4.08163,15.90909,4.00053,150.00000
2008-04-01,5.0,-0.1,0.5,-1.96078,11.11111,-1.98026,147.05882
2008-05-01,5.4,0.4,1.0,8.00000,22.72727,7.69610,158.82353
2008-06-01,5.6,0.2,1.0,3.70370,21.73913,3.63676,164.70588
2008-07-01,5.8,0.2,1.1,3.57143,23.40426,3.50913,170.58824
2008-08-01,6.1,0.3,1.5,5.17241,32.60870,5.04309,179.41176
2008-09-01,6.1,0.0,1.4,0.00000,29.78723,0.00000,179.41176
2008-10-01,6.5,0.4,1.8,6.55738,38.29787,6.35134,191.17647
2008-11-01,6.8,0.3,2.1,4.61538,44.68085,4.51204,200.00000
2008-12-01,7.3,0.5,2.3,7.35294,46.00000,7.09517,214.70588
2009-01-01,7.8,0.5,2.8,6.84932,56.00000,6.62494,229.41176
2009-02-01,8.3,0.5,3.4,6.41026,69.38776,6.21318,244.11765
2009-03-01,8.7,0.4,3.6,4.81928,70.58824,4.70675,255.88235
2009-04-01,9.0,0.3,4.0,3.44828,80.00000,3.39016,264.70588
2009-05-01,9.4,0.4,4.0,4.44444,74.07407,4.34851,276.47059
2009-06-01,9.5,0.1,3.9,1.06383,69.64286,1.05821,279.41176
2009-07-01,9.5,0.0,3.7,0.00000,63.79310,0.00000,279.41176
2009-08-01,9.6,0.1,3.5,1.05263,57.37705,1.04713,282.35294
2009-09-01,9.8,0.2,3.7,2.08333,60.65574,2.06193,288.23529
2009-10-01,10.0,0.2,3.5,2.04082,53.84615,2.02027,294.11765
2009-11-01,9.9,-0.1,3.1,-1.00000,45.58824,-1.00503,291.17647
2009-12-01,9.9,0.0,2.6,0.00000,35.61644,0.00000,291.17647
2010-01-01,9.8,-0.1,2.0,-1.01010,25.64103,-1.01524,288.23529
2010-02-01,9.8,0.0,1.5,0.00000,18.07229,0.00000,288.23529
2010-03-01,9.9,0.1,1.2,1.02041,13.79310,1.01524,291.17647
2010-04-01,9.9,0.0,0.9,0.00000,10.00000,0.00000,291.17647
2010-05-01,9.6,-0.3,0.2,-3.03030,2.12766,-3.07717,282.35294
2010-06-01,9.4,-0.2,-0.1,-2.08333,-1.05263,-2.10534,276.47059
2010-07-01,9.4,0.0,-0.1,0.00000,-1.05263,0.00000,276.47059
2010-08-01,9.5,0.1,-0.1,1.06383,-1.04167,1.05821,279.41176
2010-09-01,9.5,0.0,-0.3,0.00000,-3.06122,0.00000,279.41176
2010-10-01,9.4,-0.1,-0.6,-1.05263,-6.00000,-1.05821,276.47059
2010-11-01,9.8,0.4,-0.1,4.25532,-1.01010,4.16727,288.23529
2010-12-01,9.3,-0.5,-0.6,-5.10204,-6.06061,-5.23680,273.52941
2011-01-01,9.1,-0.2,-0.7,-2.15054,-7.14286,-2.17400,267.64706
2011-02-01,9.0,-0.1,-0.8,-1.09890,-8.16327,-1.10498,264.70588
2011-03-01,9.0,0.0,-0.9,0.00000,-9.09091,0.00000,264.70588
2011-04-01,9.1,0.1,-0.8,1.11111,-8.08081,1.10498,267.64706
2011-05-01,9.0,-0.1,-0.6,-1.09890,-6.25000,-1.10498,264.70588
2011-06-01,9.1,0.1,-0.3,1.11111,-3.19149,1.10498,267.64706
2011-07-01,9.0,-0.1,-0.4,-1.09890,-4.25532,-1.10498,264.70588
2011-08-01,9.0,0.0,-0.5,0.00000,-5.26316,0.00000,264.70588
2011-09-01,9.0,0.0,-0.5,0.00000,-5.26316,0.00000,264.70588
2011-10-01,8.8,-0.2,-0.6,-2.22222,-6.38298,-2.24729,258.82353
2011-11-01,8.6,-0.2,-1.2,-2.27273,-12.24490,-2.29895,252.94118
2011-12-01,8.5,-0.1,-0.8,-1.16279,-8.60215,-1.16960,250.00000
2012-01-01,8.3,-0.2,-0.8,-2.35294,-8.79121,-2.38106,244.11765
2012-02-01,8.3,0.0,-0.7,0.00000,-7.77778,0.00000,244.11765
2012-03-01,8.2,-0.1,-0.8,-1.20482,-8.88889,-1.21214,241.17647
2012-04-01,8.2,0.0,-0.9,0.00000,-9.89011,0.00000,241.17647
2012-05-01,8.2,0.0,-0.8,0.00000,-8.88889,0.00000,241.17647
2012-06-01,8.2,0.0,-0.9,0.00000,-9.89011,0.00000,241.17647
2012-07-01,8.2,0.0,-0.8,0.00000,-8.88889,0.00000,241.17647
2012-08-01,8.1,-0.1,-0.9,-1.21951,-10.00000,-1.22701,238.23529
2012-09-01,7.8,-0.3,-1.2,-3.70370,-13.33333,-3.77403,229.41176
2012-10-01,7.8,0.0,-1.0,0.00000,-11.36364,0.00000,229.41176
2012-11-01,7.7,-0.1,-0.9,-1.28205,-10.46512,-1.29034,226.47059
2012-12-01,7.9,0.2,-0.6,2.59740,-7.05882,2.56424,232.35294
2013-01-01,8.0,0.1,-0.3,1.26582,-3.61446,1.25788,235.29412
2013-02-01,7.7,-0.3,-0.6,-3.75000,-7.22892,-3.82212,226.47059
2013-03-01,7.5,-0.2,-0.7,-2.59740,-8.53659,-2.63173,220.58824
2013-04-01,7.6,0.1,-0.6,1.33333,-7.31707,1.32452,223.52941
2013-05-01,7.5,-0.1,-0.7,-1.31579,-8.53659,-1.32452,220.58824
2013-06-01,7.5,0.0,-0.7,0.00000,-8.53659,0.00000,220.58824
2013-07-01,7.3,-0.2,-0.9,-2.66667,-10.97561,-2.70287,214.70588
2013-08-01,7.2,-0.1,-0.9,-1.36986,-11.11111,-1.37933,211.76471
2013-09-01,7.2,0.0,-0.6,0.00000,-7.69231,0.00000,211.76471
2013-10-01,7.2,0.0,-0.6,0.00000,-7.69231,0.00000,211.76471
2013-11-01,6.9,-0.3,-0.8,-4.16667,-10.38961,-4.25596,202.94118
2013-12-01,6.7,-0.2,-1.2,-2.89855,-15.18987,-2.94139,197.05882
2014-01-01,6.6,-0.1,-1.4,-1.49254,-17.50000,-1.50379,194.11765
2014-02-01,6.7,0.1,-1.0,1.51515,-12.98701,1.50379,197.05882
2014-03-01,6.7,0.0,-0.8,0.00000,-10.66667,0.00000,197.05882
2014-04-01,6.2,-0.5,-1.4,-7.46269,-18.42105,-7.75582,182.35294
2014-05-01,6.3,0.1,-1.2,1.61290,-16.00000,1.60003,185.29412
2014-06-01,6.1,-0.2,-1.4,-3.17460,-18.66667,-3.22609,179.41176
2014-07-01,6.2,0.1,-1.1,1.63934,-15.06849,1.62605,182.35294
2014-08-01,6.1,-0.1,-1.1,-1.61290,-15.27778,-1.62605,179.41176
2014-09-01,5.9,-0.2,-1.3,-3.27869,-18.05556,-3.33364,173.52941
2014-10-01,5.7,-0.2,-1.5,-3.38983,-20.83333,-3.44862,167.64706
2014-11-01,5.8,0.1,-1.1,1.75439,-15.94203,1.73917,170.58824
2014-12-01,5.6,-0.2,-1.1,-3.44828,-16.41791,-3.50913,164.70588
2015-01-01,5.7,0.1,-0.9,1.78571,-13.63636,1.76996,167.64706
2015-02-01,5.5,-0.2,-1.2,-3.50877,-17.91045,-3.57181,161.76471
2015-03-01,5.4,-0.1,-1.3,-1.81818,-19.40299,-1.83491,158.82353
2015-04-01,5.4,0.0,-0.8,0.00000,-12.90323,0.00000,158.82353
2015-05-01,5.6,0.2,-0.7,3.70370,-11.11111,3.63676,164.70588
2015-06-01,5.3,-0.3,-0.8,-5.35714,-13.11475,-5.50598,155.88235
2015-07-01,5.2,-0.1,-1.0,-1.88679,-16.12903,-1.90482,152.94118
2015-08-01,5.1,-0.1,-1.0,-1.92308,-16.39344,-1.94181,150.00000
2015-09-01,5.0,-0.1,-0.9,-1.96078,-15.25424,-1.98026,147.05882
2015-10-01,5.0,0.0,-0.7,0.00000,-12.28070,0.00000,147.05882
2015-11-01,5.1,0.1,-0.7,2.00000,-12.06897,1.98026,150.00000
2015-12-01,5.0,-0.1,-0.6,-1.96078,-10.71429,-1.98026,147.05882
2016-01-01,4.8,-0.2,-0.9,-4.00000,-15.78947,-4.08220,141.17647
2016-02-01,4.9,0.1,-0.6,2.08333,-10.90909,2.06193,144.11765
2016-03-01,5.0,0.1,-0.4,2.04082,-7.40741,2.02027,147.05882
2016-04-01,5.1,0.1,-0.3,2.00000,-5.55556,1.98026,150.00000
2016-05-01,4.8,-0.3,-0.8,-5.88235,-14.28571,-6.06246,141.17647
2016-06-01,4.9,0.1,-0.4,2.08333,-7.54717,2.06193,144.11765
2016-07-01,4.8,-0.1,-0.4,-2.04082,-7.69231,-2.06193,141.17647
2016-08-01,4.9,0.1,-0.2,2.08333,-3.92157,2.06193,144.11765
2016-09-01,5.0,0.1,0.0,2.04082,0.00000,2.02027,147.05882
2016-10-01,4.9,-0.1,-0.1,-2.00000,-2.00000,-2.02027,144.11765
2016-11-01,4.7,-0.2,-0.4,-4.08163,-7.84314,-4.16727,138.23529
2016-12-01,4.7,0.0,-0.3,0.00000,-6.00000,0.00000,138.23529
2017-01-01,4.7,0.0,-0.1,0.00000,-2.08333,0.00000,138.23529
2017-02-01,4.6,-0.1,-0.3,-2.12766,-6.12245,-2.15062,135.29412
2017-03-01,4.4,-0.2,-0.6,-4.34783,-12.00000,-4.44518,129.41176
2017-04-01,4.5,0.1,-0.6,2.27273,-11.76471,2.24729,132.35294
2017-05-01,4.4,-0.1,-0.4,-2.22222,-8.33333,-2.24729,129.41176
2017-06-01,4.3,-0.1,-0.6,-2.27273,-12.24490,-2.29895,126.47059
2017-07-01,4.3,0.0,-0.5,0.00000,-10.41667,0.00000,126.47059
2017-08-01,4.4,0.1,-0.5,2.32558,-10.20408,2.29895,129.41176
2017-09-01,4.2,-0.2,-0.8,-4.54545,-16.00000,-4.65200,123.52941
2017-10-01,4.1,-0.1,-0.8,-2.38095,-16.32653,-2.40976,120.58824
2017-11-01,4.2,0.1,-0.5,2.43902,-10.63830,2.40976,123.52941
2017-12-01,4.1,-0.1,-0.6,-2.38095,-12.76596,-2.40976,120.58824
2018-01-01,4.0,-0.1,-0.7,-2.43902,-14.89362,-2.46926,117.64706
2018-02-01,4.1,0.1,-0.5,2.50000,-10.86957,2.46926,120.58824
2018-03-01,4.0,-0.1,-0.4,-2.43902,-9.09091,-2.46926,117.64706
2018-04-01,4.0,0.0,-0.5,0.00000,-11.11111,0.00000,117.64706
2018-05-01,3.8,-0.2,-0.6,-5.00000,-13.63636,-5.12933,111.76471
2018-06-01,4.0,0.2,-0.3,5.26316,-6.97674,5.12933,117.64706
2018-07-01,3.8,-0.2,-0.5,-5.00000,-11.62791,-5.12933,111.76471
2018-08-01,3.8,0.0,-0.6,0.00000,-13.63636,0.00000,111.76471
2018-09-01,3.7,-0.1,-0.5,-2.63158,-11.90476,-2.66682,108.82353
2018-10-01,3.8,0.1,-0.3,2.70270,-7.31707,2.66682,111.76471
2018-11-01,3.8,0.0,-0.4,0.00000,-9.52381,0.00000,111.76471
2018-12-01,3.9,0.1,-0.2,2.63158,-4.87805,2.59755,114.70588
2019-01-01,4.0,0.1,0.0,2.56410,0.00000,2.53178,117.64706
2019-02-01,3.8,-0.2,-0.3,-5.00000,-7.31707,-5.12933,111.76471
2019-03-01,3.8,0.0,-0.2,0.00000,-5.00000,0.00000,111.76471
2019-04-01,3.7,-0.1,-0.3,-2.63158,-7.50000,-2.66682,108.82353
2019-05-01,3.7,0.0,-0.1,0.00000,-2.63158,0.00000,108.82353
2019-06-01,3.6,-0.1,-0.4,-2.70270,-10.00000,-2.73990,105.88235
2019-07-01,3.6,0.0,-0.2,0.00000,-5.26316,0.00000,105.88235
2019-08-01,3.7,0.1,-0.1,2.77778,-2.63158,2.73990,108.82353
2019-09-01,3.5,-0.2,-0.2,-5.40541,-5.40541,-5.55699,102.94118
2019-10-01,3.6,0.1,-0.2,2.85714,-5.26316,2.81709,105.88235
2019-11-01,3.6,0.0,-0.2,0.00000,-5.26316,0.00000,105.88235
2019-12-01,3.6,0.0,-0.3,0.00000,-7.69231,0.00000,105.88235
2020-01-01,3.5,-0.1,-0.5,-2.77778,-12.50000,-2.81709,102.94118
2020-02-01,3.5,0.0,-0.3,0.00000,-7.89474,0.00000,102.94118
2020-03-01,4.4,0.9,0.6,25.71429,15.78947,22.88416,129.41176
2020-04-01,14.8,10.4,11.1,236.36364,300.00000,121.30226,435.29412
2020-05-01,13.3,-1.5,9.6,-10.13514,259.45946,-10.68631,391.17647
2020-06-01,11.1,-2.2,7.5,-16.54135,208.33333,-18.08189,326.47059
2020-07-01,10.2,-0.9,6.6,-8.10811,183.33333,-8.45574,300.00000
2020-08-01,8.4,-1.8,4.7,-17.64706,127.02703,-19.41560,247.05882
2020-09-01,7.8,-0.6,4.3,-7.14286,122.85714,-7.41080,229.41176
2020-10-01,6.9,-0.9,3.3,-11.53846,91.66667,-12.26023,202.94118
2020-11-01,6.7,-0.2,3.1,-2.89855,86.11111,-2.94139,197.05882
2020-12-01,6.7,0.0,3.1,0.00000,86.11111,0.00000,197.05882
2021-01-01,6.3,-0.4,2.8,-5.97015,80.00000,-6.15579,185.29412
2021-02-01,6.2,-0.1,2.7,-1.58730,77.14286,-1.60003,182.35294
